,Unnamed: 0,pow_index,pow_id,pow_date,pow_time,pow_dcv,pow_dca,pow_dcp,pow_acvr,pow_acvs,pow_acvt,pow_acar,pow_acas,pow_acat,pow_acp,pow_pf,pow_totpower,pow_totpower_origin,pow_freq,pow_slopesolar,pow_modtemp,state
0,0,8486,558,2022-04-04,06:22:50,320,0.0,0.0,233,0,0,0.4,0.0,0.0,100.0,0.0,289000.0,289000.0,59.9,0.0,0.0,0
1,1,8487,558,2022-04-04,06:37:50,121,0.1,0.0,233,0,0,0.4,0.0,0.0,100.0,0.0,289000.0,289000.0,60.0,0.0,0.0,0
2,2,8488,558,2022-04-04,06:39:50,121,0.1,0.0,232,0,0,0.4,0.0,0.0,100.0,0.0,289000.0,289000.0,59.9,0.0,0.0,0
3,3,8490,558,2022-04-04,06:47:50,121,0.2,0.0,233,0,0,0.4,0.0,0.0,100.0,0.0,289000.0,289000.0,60.0,0.0,0.0,0
4,4,8491,558,2022-04-04,06:51:50,121,0.2,0.0,233,0,0,0.4,0.0,0.0,100.0,0.0,289000.0,289000.0,59.9,0.0,0.0,0
5,5,8493,558,2022-04-04,06:53:50,121,0.2,0.0,233,0,0,0.5,0.0,0.0,100.0,0.0,289000.0,289000.0,60.0,0.0,0.0,0
6,6,8495,558,2022-04-04,06:54:50,121,0.2,0.0,233,0,0,0.5,0.0,0.0,100.0,0.0,289000.0,289000.0,60.0,0.0,0.0,0
7,7,8496,558,2022-04-04,06:55:50,121,0.3,0.0,233,0,0,0.4,0.0,0.0,100.0,0.0,289000.0,289000.0,59.9,0.0,0.0,0
8,8,8498,558,2022-04-04,06:59:50,121,0.3,0.0,233,0,0,0.4,0.0,0.0,100.0,0.0,289000.0,289000.0,59.9,0.0,0.0,0
9,9,8500,558,2022-04-04,07:01:50,121,0.3,0.0,233,0,0,0.4,0.0,0.0,100.0,0.0,289000.0,289000.0,60.0,0.0,0.0,0
10,10,8502,558,2022-04-04,07:02:50,121,0.3,0.0,233,0,0,0.4,0.0,0.0,100.0,0.0,289000.0,289000.0,59.9,0.0,0.0,0
11,11,8503,558,2022-04-04,07:05:50,121,0.3,0.0,233,0,0,0.4,0.0,0.0,100.0,0.0,289000.0,289000.0,59.9,0.0,0.0,0
12,12,8504,558,2022-04-04,07:06:50,121,0.3,0.0,233,0,0,0.4,0.0,0.0,100.0,0.0,289000.0,289000.0,59.9,0.0,0.0,0
13,13,8505,558,2022-04-04,07:07:50,121,0.4,0.0,233,0,0,0.4,0.0,0.0,100.0,0.0,289000.0,289000.0,59.9,0.0,0.0,0
14,14,8507,558,2022-04-04,07:10:50,121,0.4,0.0,233,0,0,0.4,0.0,0.0,100.0,0.0,289000.0,289000.0,59.9,0.0,0.0,0
15,15,8508,558,2022-04-04,07:11:50,121,0.4,0.0,233,0,0,0.4,0.0,0.0,100.0,0.0,289000.0,289000.0,59.9,0.0,0.0,0
16,16,8511,558,2022-04-04,07:14:50,121,0.4,0.0,233,0,0,0.4,0.0,0.0,100.0,0.0,289000.0,289000.0,60.0,0.0,0.0,0
17,17,8512,558,2022-04-04,07:15:50,121,0.4,0.0,232,0,0,0.4,0.0,0.0,100.0,0.0,289000.0,289000.0,60.0,0.0,0.0,0
18,18,8514,558,2022-04-04,07:16:50,121,0.4,0.0,233,0,0,0.4,0.0,0.0,100.0,0.0,289000.0,289000.0,60.0,0.0,0.0,0
19,19,8515,558,2022-04-04,07:18:50,121,0.4,0.0,233,0,0,0.4,0.0,0.0,100.0,0.0,289000.0,289000.0,60.0,0.0,0.0,0
20,20,8519,558,2022-04-04,07:22:50,121,0.5,0.0,233,0,0,0.4,0.0,0.0,100.0,0.0,289000.0,289000.0,60.0,0.0,0.0,0
21,21,8523,558,2022-04-04,07:26:50,121,0.5,0.0,233,0,0,0.4,0.0,0.0,100.0,0.0,289000.0,289000.0,59.9,0.0,0.0,0
22,22,8525,558,2022-04-04,07:27:50,121,0.5,0.0,233,0,0,0.4,0.0,0.0,100.0,0.0,289000.0,289000.0,59.9,0.0,0.0,0
23,23,8526,558,2022-04-04,07:28:50,121,0.5,0.0,233,0,0,0.4,0.0,0.0,100.0,0.0,289000.0,289000.0,60.0,0.0,0.0,0
24,24,8531,558,2022-04-04,07:30:50,121,0.5,0.0,233,0,0,0.4,0.0,0.0,100.0,0.0,289000.0,289000.0,60.0,0.0,0.0,0
25,25,8533,558,2022-04-04,07:31:50,121,0.5,0.0,233,0,0,0.4,0.0,0.0,100.0,0.0,289000.0,289000.0,60.0,0.0,0.0,0
26,26,8535,558,2022-04-04,07:32:50,121,0.5,0.0,233,0,0,0.4,0.0,0.0,100.0,0.0,289000.0,289000.0,60.0,0.0,0.0,0
27,27,8538,558,2022-04-04,07:33:50,121,0.5,0.0,233,0,0,0.4,0.0,0.0,100.0,0.0,289000.0,289000.0,60.0,0.0,0.0,0
28,28,8540,558,2022-04-04,07:34:50,121,0.6,0.0,233,0,0,0.4,0.0,0.0,100.0,0.0,289000.0,289000.0,60.0,0.0,0.0,0
29,29,8543,558,2022-04-04,07:35:50,121,0.6,0.0,233,0,0,0.4,0.0,0.0,100.0,0.0,289000.0,289000.0,60.0,0.0,0.0,0
30,30,8545,558,2022-04-04,07:36:50,121,0.6,0.0,233,0,0,0.4,0.0,0.0,100.0,0.0,289000.0,289000.0,60.0,0.0,0.0,0
31,31,8548,558,2022-04-04,07:37:50,121,0.6,0.0,233,0,0,0.4,0.0,0.0,100.0,0.0,289000.0,289000.0,60.0,0.0,0.0,0
32,32,8552,558,2022-04-04,07:39:50,121,0.6,0.0,233,0,0,0.4,0.0,0.0,100.0,0.0,289000.0,289000.0,60.0,0.0,0.0,0
33,33,8555,558,2022-04-04,07:40:50,121,0.6,0.0,233,0,0,0.4,0.0,0.0,100.0,0.0,289000.0,289000.0,60.0,0.0,0.0,0
34,34,8558,558,2022-04-04,07:41:50,121,0.6,0.0,233,0,0,0.4,0.0,0.0,100.0,0.0,289000.0,289000.0,60.0,0.0,0.0,0
35,35,8561,558,2022-04-04,07:42:50,121,0.7,0.0,233,0,0,0.4,0.0,0.0,100.0,0.0,289000.0,289000.0,60.0,0.0,0.0,0
36,36,8564,558,2022-04-04,07:43:50,121,0.7,0.0,232,0,0,0.4,0.0,0.0,100.0,0.0,289000.0,289000.0,60.0,0.0,0.0,0
37,37,8567,558,2022-04-04,07:44:50,121,0.7,0.0,233,0,0,0.4,0.0,0.0,100.0,0.0,289000.0,289000.0,60.0,0.0,0.0,0
38,38,8570,558,2022-04-04,07:45:50,121,0.7,0.0,233,0,0,0.8,0.0,0.0,300.0,0.0,289000.0,289000.0,60.0,0.0,0.0,0
39,39,8573,558,2022-04-04,07:46:50,121,0.7,0.0,233,0,0,0.4,0.0,0.0,100.0,0.0,289000.0,289000.0,60.0,0.0,0.0,0
40,40,8576,558,2022-04-04,07:47:50,121,0.7,0.0,233,0,0,3.1,0.0,0.0,200.0,0.0,289000.0,289000.0,60.0,0.0,0.0,0
41,41,8579,558,2022-04-04,07:48:50,121,0.8,0.0,233,0,0,2.3,0.0,0.0,500.0,0.0,289000.0,289000.0,60.0,0.0,0.0,0
42,42,8582,558,2022-04-04,07:49:50,121,0.8,0.0,233,0,0,2.4,0.0,0.0,600.0,0.0,289000.0,289000.0,59.9,0.0,0.0,0
43,43,8585,558,2022-04-04,07:50:50,352,0.7,200.0,233,0,0,1.1,0.0,0.0,200.0,0.0,289000.0,289000.0,60.0,0.0,0.0,0
44,44,8588,558,2022-04-04,07:51:50,357,0.7,200.0,233,0,0,1.0,0.0,0.0,200.0,0.0,289000.0,289000.0,59.9,0.0,0.0,0
45,45,8591,558,2022-04-04,07:52:50,345,0.7,200.0,233,0,0,1.1,0.0,0.0,200.0,0.0,289000.0,289000.0,60.0,0.0,0.0,0
46,46,8594,558,2022-04-04,07:53:50,353,0.7,200.0,233,0,0,1.1,0.0,0.0,200.0,0.0,289000.0,289000.0,59.9,0.0,0.0,0
47,47,8597,558,2022-04-04,07:54:50,345,0.8,200.0,233,0,0,1.1,0.0,0.0,200.0,0.0,289000.0,289000.0,59.9,0.0,0.0,0
48,48,8600,558,2022-04-04,07:55:50,353,0.8,200.0,233,0,0,1.0,0.0,0.0,200.0,0.0,289000.0,289000.0,59.9,0.0,0.0,0
49,49,8603,558,2022-04-04,07:56:50,352,0.8,200.0,233,0,0,1.3,0.0,0.0,200.0,0.0,289000.0,289000.0,59.9,0.0,0.0,0
50,50,8606,558,2022-04-04,07:57:50,352,0.8,300.0,232,0,0,1.3,0.0,0.0,300.0,0.0,289000.0,289000.0,59.9,0.0,0.0,0
51,51,8609,558,2022-04-04,07:58:50,353,0.8,300.0,233,0,0,1.3,0.0,0.0,300.0,0.0,289000.0,289000.0,60.0,0.0,0.0,0
52,52,8612,558,2022-04-04,07:59:50,353,0.8,300.0,232,0,0,1.3,0.0,0.0,300.0,0.0,289000.0,289000.0,59.9,0.0,0.0,0
53,53,8615,558,2022-04-04,08:00:50,348,0.9,300.0,232,0,0,1.4,0.0,0.0,300.0,0.0,289000.0,289000.0,59.9,0.0,0.0,0
54,54,8618,558,2022-04-04,08:01:50,345,0.9,300.0,232,0,0,1.4,0.0,0.0,300.0,0.0,289000.0,289000.0,59.9,0.0,0.0,0
55,55,8621,558,2022-04-04,08:02:50,351,0.9,300.0,232,0,0,1.4,0.0,0.0,300.0,0.0,289000.0,289000.0,59.9,0.0,0.0,0
56,56,8624,558,2022-04-04,08:03:50,355,0.9,300.0,232,0,0,1.4,0.0,0.0,300.0,0.0,289000.0,289000.0,59.9,0.0,0.0,0
57,57,8627,558,2022-04-04,08:04:50,351,1.0,300.0,232,0,0,1.5,0.0,0.0,300.0,0.0,289000.0,289000.0,59.9,0.0,0.0,0
58,58,8630,558,2022-04-04,08:05:50,354,1.0,300.0,232,0,0,1.5,0.0,0.0,300.0,0.0,289000.0,289000.0,60.0,0.0,0.0,0
59,59,8633,558,2022-04-04,08:06:50,349,1.0,300.0,233,0,0,1.6,0.0,0.0,300.0,0.0,289000.0,289000.0,59.9,0.0,0.0,0
60,60,8636,558,2022-04-04,08:07:50,355,1.0,300.0,233,0,0,1.6,0.0,0.0,300.0,0.0,289000.0,289000.0,59.9,0.0,0.0,0
61,61,8639,558,2022-04-04,08:08:50,347,1.1,300.0,232,0,0,1.6,0.0,0.0,300.0,0.0,289000.0,289000.0,59.9,0.0,0.0,0
62,62,8642,558,2022-04-04,08:09:50,356,1.1,300.0,232,0,0,1.7,0.0,0.0,300.0,0.0,289000.0,289000.0,60.0,0.0,0.0,0
63,63,8644,558,2022-04-04,08:10:50,354,1.1,400.0,232,0,0,1.7,0.0,0.0,400.0,0.0,289000.0,289000.0,59.9,0.0,0.0,0
64,64,8646,558,2022-04-04,08:11:50,351,1.1,400.0,232,0,0,1.8,0.0,0.0,400.0,0.0,289000.0,289000.0,59.9,0.0,0.0,0
65,65,8648,558,2022-04-04,08:12:50,353,1.1,400.0,232,0,0,1.7,0.0,0.0,400.0,0.0,289000.0,289000.0,59.9,0.0,0.0,0
66,66,8651,558,2022-04-04,08:13:50,347,1.2,400.0,232,0,0,1.9,0.0,0.0,400.0,0.0,289000.0,289000.0,59.9,0.0,0.0,0
67,67,8654,558,2022-04-04,08:14:50,349,1.2,400.0,232,0,0,1.9,0.0,0.0,400.0,0.0,289000.0,289000.0,60.0,0.0,0.0,0
68,68,8657,558,2022-04-04,08:15:50,353,1.2,400.0,232,0,0,1.9,0.0,0.0,400.0,0.0,289000.0,289000.0,60.0,0.0,0.0,0
69,69,8660,558,2022-04-04,08:16:50,353,1.2,400.0,232,0,0,1.9,0.0,0.0,400.0,0.0,289000.0,289000.0,60.0,0.0,0.0,0
70,70,8663,558,2022-04-04,08:17:50,350,1.3,400.0,232,0,0,2.0,0.0,0.0,400.0,0.0,289000.0,289000.0,60.0,0.0,0.0,0
71,71,8666,558,2022-04-04,08:18:50,357,1.3,400.0,232,0,0,2.0,0.0,0.0,400.0,0.0,289000.0,289000.0,60.0,0.0,0.0,0
72,72,8669,558,2022-04-04,08:19:50,356,1.3,400.0,232,0,0,2.1,0.0,0.0,400.0,0.0,289000.0,289000.0,60.0,0.0,0.0,0
73,73,8672,558,2022-04-04,08:20:50,353,1.3,400.0,231,0,0,2.0,0.0,0.0,400.0,0.0,289000.0,289000.0,60.0,0.0,0.0,0
74,74,8675,558,2022-04-04,08:21:50,353,1.4,400.0,231,0,0,2.2,0.0,0.0,500.0,0.0,289000.0,289000.0,60.0,0.0,0.0,0
75,75,8678,558,2022-04-04,08:22:50,351,1.4,500.0,231,0,0,2.2,0.0,0.0,500.0,0.0,289000.0,289000.0,60.0,0.0,0.0,0
76,76,8681,558,2022-04-04,08:23:50,360,1.4,500.0,231,0,0,2.2,0.0,0.0,500.0,0.0,289000.0,289000.0,60.0,0.0,0.0,0
77,77,8684,558,2022-04-04,08:24:50,353,1.4,500.0,231,0,0,2.2,0.0,0.0,500.0,0.0,289000.0,289000.0,60.0,0.0,0.0,0
78,78,8687,558,2022-04-04,08:25:50,351,1.5,500.0,231,0,0,2.2,0.0,0.0,500.0,0.0,289000.0,289000.0,60.0,0.0,0.0,0
79,79,8696,558,2022-04-04,08:29:50,354,1.6,500.0,232,0,0,2.4,0.0,0.0,500.0,0.0,290000.0,290000.0,59.9,0.0,0.0,0
80,80,8699,558,2022-04-04,08:30:50,348,1.6,500.0,232,0,0,2.5,0.0,0.0,500.0,0.0,290000.0,290000.0,59.9,0.0,0.0,0
81,81,8702,558,2022-04-04,08:31:50,348,1.7,500.0,231,0,0,2.6,0.0,0.0,600.0,0.0,290000.0,290000.0,59.9,0.0,0.0,0
82,82,8705,558,2022-04-04,08:32:50,352,1.7,500.0,232,0,0,2.6,0.0,0.0,600.0,0.0,290000.0,290000.0,59.9,0.0,0.0,0
83,83,8708,558,2022-04-04,08:33:50,351,1.7,600.0,231,0,0,2.7,0.0,0.0,600.0,0.0,290000.0,290000.0,59.9,0.0,0.0,0
84,84,8711,558,2022-04-04,08:34:50,348,1.7,600.0,232,0,0,2.7,0.0,0.0,600.0,0.0,290000.0,290000.0,59.9,0.0,0.0,0
85,85,8714,558,2022-04-04,08:35:50,351,1.7,600.0,232,0,0,2.8,0.0,0.0,600.0,0.0,290000.0,290000.0,59.9,0.0,0.0,0
86,86,8717,558,2022-04-04,08:36:50,350,1.8,600.0,232,0,0,2.8,0.0,0.0,600.0,0.0,290000.0,290000.0,59.9,0.0,0.0,0
87,87,8720,558,2022-04-04,08:37:50,352,1.8,600.0,232,0,0,2.7,0.0,0.0,600.0,0.0,290000.0,290000.0,59.9,0.0,0.0,0
88,88,8723,558,2022-04-04,08:38:50,352,1.8,600.0,232,0,0,2.9,0.0,0.0,600.0,0.0,290000.0,290000.0,59.9,0.0,0.0,0
89,89,8726,558,2022-04-04,08:39:50,356,1.8,600.0,232,0,0,2.7,0.0,0.0,600.0,0.0,290000.0,290000.0,59.9,0.0,0.0,0
90,90,8729,558,2022-04-04,08:40:50,350,1.9,600.0,231,0,0,2.9,0.0,0.0,600.0,0.0,290000.0,290000.0,59.9,0.0,0.0,0
91,91,8732,558,2022-04-04,08:41:50,356,1.9,600.0,231,0,0,2.7,0.0,0.0,600.0,0.0,290000.0,290000.0,59.9,0.0,0.0,0
92,92,8735,558,2022-04-04,08:42:50,349,1.9,600.0,231,0,0,3.0,0.0,0.0,700.0,0.0,290000.0,290000.0,59.9,0.0,0.0,0
93,93,8738,558,2022-04-04,08:43:50,349,2.0,700.0,231,0,0,3.0,0.0,0.0,700.0,0.0,290000.0,290000.0,59.9,0.0,0.0,0
94,94,8741,558,2022-04-04,08:44:50,350,2.0,700.0,231,0,0,3.1,0.0,0.0,700.0,0.0,290000.0,290000.0,60.0,0.0,0.0,0
95,95,8744,558,2022-04-04,08:45:50,345,2.1,700.0,232,0,0,3.1,0.0,0.0,700.0,0.0,290000.0,290000.0,60.0,0.0,0.0,0
96,96,8747,558,2022-04-04,08:46:50,348,2.1,700.0,232,0,0,3.2,0.0,0.0,700.0,0.0,290000.0,290000.0,60.0,0.0,0.0,0
97,97,8750,558,2022-04-04,08:47:50,354,2.1,700.0,232,0,0,3.2,0.0,0.0,700.0,0.0,290000.0,290000.0,60.0,0.0,0.0,0
98,98,8753,558,2022-04-04,08:48:50,353,2.1,700.0,232,0,0,3.4,0.0,0.0,800.0,0.0,290000.0,290000.0,59.9,0.0,0.0,0
99,99,8756,558,2022-04-04,08:49:50,346,2.2,700.0,232,0,0,2.9,0.0,0.0,600.0,0.0,290000.0,290000.0,60.0,0.0,0.0,0
100,100,8759,558,2022-04-04,08:50:50,342,2.2,700.0,232,0,0,3.3,0.0,0.0,700.0,0.0,290000.0,290000.0,60.0,0.0,0.0,0
101,101,8762,558,2022-04-04,08:51:50,349,2.2,700.0,232,0,0,3.5,0.0,0.0,800.0,0.0,290000.0,290000.0,60.0,0.0,0.0,0
102,102,8765,558,2022-04-04,08:52:50,354,2.2,800.0,232,0,0,3.4,0.0,0.0,700.0,0.0,290000.0,290000.0,60.0,0.0,0.0,0
103,103,8768,558,2022-04-04,08:53:50,345,2.3,800.0,232,0,0,3.3,0.0,0.0,700.0,0.0,290000.0,290000.0,59.9,0.0,0.0,0
104,104,8771,558,2022-04-04,08:54:50,342,2.4,800.0,232,0,0,3.5,0.0,0.0,800.0,0.0,290000.0,290000.0,60.0,0.0,0.0,0
105,105,8774,558,2022-04-04,08:55:50,344,2.4,800.0,232,0,0,3.5,0.0,0.0,800.0,0.0,290000.0,290000.0,60.0,0.0,0.0,0
106,106,8777,558,2022-04-04,08:56:50,346,2.4,800.0,232,0,0,3.7,0.0,0.0,800.0,0.0,290000.0,290000.0,60.0,0.0,0.0,0
107,107,8780,558,2022-04-04,08:57:50,347,2.4,800.0,232,0,0,3.7,0.0,0.0,800.0,0.0,290000.0,290000.0,60.0,0.0,0.0,0
108,108,8783,558,2022-04-04,08:58:50,354,2.4,800.0,232,0,0,3.7,0.0,0.0,800.0,0.0,290000.0,290000.0,60.0,0.0,0.0,0
109,109,8786,558,2022-04-04,08:59:50,349,2.5,800.0,232,0,0,3.8,0.0,0.0,800.0,0.0,290000.0,290000.0,60.0,0.0,0.0,0
110,110,8789,558,2022-04-04,09:00:50,348,2.5,800.0,231,0,0,3.9,0.0,0.0,900.0,0.0,290000.0,290000.0,60.0,0.0,0.0,0
111,111,8792,558,2022-04-04,09:01:50,347,2.5,800.0,232,0,0,3.8,0.0,0.0,800.0,0.0,290000.0,290000.0,60.0,0.0,0.0,0
112,112,8795,558,2022-04-04,09:02:50,350,2.5,900.0,231,0,0,3.9,0.0,0.0,900.0,0.0,290000.0,290000.0,60.0,0.0,0.0,0
113,113,8798,558,2022-04-04,09:03:50,350,2.6,900.0,231,0,0,3.9,0.0,0.0,900.0,0.0,290000.0,290000.0,60.0,0.0,0.0,0
114,114,8801,558,2022-04-04,09:04:50,347,2.6,900.0,231,0,0,3.9,0.0,0.0,900.0,0.0,290000.0,290000.0,60.0,0.0,0.0,0
115,115,8804,558,2022-04-04,09:05:50,343,2.7,900.0,231,0,0,4.0,0.0,0.0,900.0,0.0,290000.0,290000.0,60.0,0.0,0.0,0
116,116,8807,558,2022-04-04,09:06:50,342,2.7,900.0,232,0,0,4.1,0.0,0.0,900.0,0.0,290000.0,290000.0,60.0,0.0,0.0,0
117,117,8810,558,2022-04-04,09:07:50,341,2.8,900.0,232,0,0,3.9,0.0,0.0,900.0,0.0,290000.0,290000.0,60.0,0.0,0.0,0
118,118,8813,558,2022-04-04,09:08:50,347,2.7,900.0,233,0,0,3.8,0.0,0.0,900.0,0.0,290000.0,290000.0,60.0,0.0,0.0,0
119,119,8816,558,2022-04-04,09:09:50,344,2.8,900.0,232,0,0,4.1,0.0,0.0,900.0,0.0,290000.0,290000.0,60.0,0.0,0.0,0
120,120,8819,558,2022-04-04,09:10:50,344,2.8,900.0,232,0,0,4.2,0.0,0.0,900.0,0.0,290000.0,290000.0,60.0,0.0,0.0,0
121,121,8822,558,2022-04-04,09:11:50,344,2.9,1000.0,232,0,0,4.1,0.0,0.0,900.0,0.0,290000.0,290000.0,60.0,0.0,0.0,0
122,122,8825,558,2022-04-04,09:12:50,347,2.9,1000.0,232,0,0,4.4,0.0,0.0,1000.0,0.0,290000.0,290000.0,60.0,0.0,0.0,0
123,123,8828,558,2022-04-04,09:13:50,342,2.9,1000.0,232,0,0,4.3,0.0,0.0,1000.0,0.0,290000.0,290000.0,60.0,0.0,0.0,0
124,124,8831,558,2022-04-04,09:14:50,343,2.9,1000.0,232,0,0,4.3,0.0,0.0,1000.0,0.0,290000.0,290000.0,60.0,0.0,0.0,0
125,125,8834,558,2022-04-04,09:15:50,343,3.0,1000.0,232,0,0,4.4,0.0,0.0,1000.0,0.0,290000.0,290000.0,60.0,0.0,0.0,0
126,126,8837,558,2022-04-04,09:16:50,341,3.0,1000.0,232,0,0,4.5,0.0,0.0,1000.0,0.0,290000.0,290000.0,60.0,0.0,0.0,0
127,127,8839,558,2022-04-04,09:17:50,341,3.1,1000.0,232,0,0,4.5,0.0,0.0,1000.0,0.0,290000.0,290000.0,60.0,0.0,0.0,0
128,128,8841,558,2022-04-04,09:18:50,344,3.1,1000.0,232,0,0,4.6,0.0,0.0,1000.0,0.0,290000.0,290000.0,60.0,0.0,0.0,0
129,129,8843,558,2022-04-04,09:19:50,341,3.1,1000.0,232,0,0,4.6,0.0,0.0,1000.0,0.0,290000.0,290000.0,60.0,0.0,0.0,0
130,130,8846,558,2022-04-04,09:20:50,341,3.1,1000.0,232,0,0,4.4,0.0,0.0,1000.0,0.0,290000.0,290000.0,60.0,0.0,0.0,0
131,131,8849,558,2022-04-04,09:21:50,341,3.2,1000.0,232,0,0,4.5,0.0,0.0,1000.0,0.0,290000.0,290000.0,60.0,0.0,0.0,0
132,132,8852,558,2022-04-04,09:22:50,339,3.2,1100.0,232,0,0,4.7,0.0,0.0,1100.0,0.0,290000.0,290000.0,60.0,0.0,0.0,0
133,133,8855,558,2022-04-04,09:23:50,344,3.2,1100.0,232,0,0,4.9,0.0,0.0,1100.0,0.0,290000.0,290000.0,60.0,0.0,0.0,0
134,134,8858,558,2022-04-04,09:24:50,344,3.2,1100.0,232,0,0,4.3,0.0,0.0,1000.0,0.0,290000.0,290000.0,60.0,0.0,0.0,0
135,135,8861,558,2022-04-04,09:25:50,341,3.3,1100.0,232,0,0,4.8,0.0,0.0,1100.0,0.0,290000.0,290000.0,60.0,0.0,0.0,0
136,136,8864,558,2022-04-04,09:26:50,341,3.3,1100.0,232,0,0,4.7,0.0,0.0,1100.0,0.0,290000.0,290000.0,60.0,0.0,0.0,0
137,137,8867,558,2022-04-04,09:27:50,337,3.4,1100.0,232,0,0,4.9,0.0,0.0,1100.0,0.0,290000.0,290000.0,60.0,0.0,0.0,0
138,138,8870,558,2022-04-04,09:28:50,340,3.4,1100.0,232,0,0,4.9,0.0,0.0,1100.0,0.0,290000.0,290000.0,60.0,0.0,0.0,0
139,139,8873,558,2022-04-04,09:29:50,335,3.4,1100.0,232,0,0,4.9,0.0,0.0,1100.0,0.0,290000.0,290000.0,60.0,0.0,0.0,0
140,140,8876,558,2022-04-04,09:30:50,336,3.5,1100.0,232,0,0,4.9,0.0,0.0,1100.0,0.0,290000.0,290000.0,59.9,0.0,0.0,0
141,141,8879,558,2022-04-04,09:31:50,339,3.5,1100.0,231,0,0,5.0,0.0,0.0,1100.0,0.0,290000.0,290000.0,59.9,0.0,0.0,0
142,142,8882,558,2022-04-04,09:32:50,340,3.5,1100.0,231,0,0,5.0,0.0,0.0,1100.0,0.0,290000.0,290000.0,59.9,0.0,0.0,0
143,143,8885,558,2022-04-04,09:33:50,341,3.5,1200.0,231,0,0,5.2,0.0,0.0,1200.0,0.0,290000.0,290000.0,59.9,0.0,0.0,0
144,144,8894,558,2022-04-04,09:37:50,338,3.6,1200.0,232,0,0,5.2,0.0,0.0,1200.0,0.0,291000.0,291000.0,60.0,0.0,0.0,0
145,145,8897,558,2022-04-04,09:38:50,340,3.6,1200.0,232,0,0,5.2,0.0,0.0,1200.0,0.0,291000.0,291000.0,59.9,0.0,0.0,0
146,146,8900,558,2022-04-04,09:39:50,336,3.7,1200.0,232,0,0,5.2,0.0,0.0,1200.0,0.0,291000.0,291000.0,60.0,0.0,0.0,0
147,147,8903,558,2022-04-04,09:40:50,338,3.7,1200.0,232,0,0,5.4,0.0,0.0,1200.0,0.0,291000.0,291000.0,59.9,0.0,0.0,0
148,148,8906,558,2022-04-04,09:41:50,331,3.8,1200.0,232,0,0,5.3,0.0,0.0,1200.0,0.0,291000.0,291000.0,59.9,0.0,0.0,0
149,149,8909,558,2022-04-04,09:42:50,337,3.8,1200.0,232,0,0,5.4,0.0,0.0,1200.0,0.0,291000.0,291000.0,59.9,0.0,0.0,0
150,150,8912,558,2022-04-04,09:43:50,334,3.8,1200.0,232,0,0,5.3,0.0,0.0,1200.0,0.0,291000.0,291000.0,59.9,0.0,0.0,0
151,151,8915,558,2022-04-04,09:44:50,336,3.8,1300.0,232,0,0,5.2,0.0,0.0,1200.0,0.0,291000.0,291000.0,59.9,0.0,0.0,0
152,152,8918,558,2022-04-04,09:45:50,332,3.9,1300.0,232,0,0,5.5,0.0,0.0,1200.0,0.0,291000.0,291000.0,59.9,0.0,0.0,0
153,153,8920,558,2022-04-04,09:46:50,330,3.9,1300.0,232,0,0,5.3,0.0,0.0,1200.0,0.0,291000.0,291000.0,59.9,0.0,0.0,0
154,154,8922,558,2022-04-04,09:47:50,330,4.0,1300.0,232,0,0,5.5,0.0,0.0,1200.0,0.0,291000.0,291000.0,59.9,0.0,0.0,0
155,155,8924,558,2022-04-04,09:48:50,332,4.0,1300.0,232,0,0,5.5,0.0,0.0,1200.0,0.0,291000.0,291000.0,59.9,0.0,0.0,0
156,156,8927,558,2022-04-04,09:49:50,334,3.9,1300.0,232,0,0,5.6,0.0,0.0,1300.0,0.0,291000.0,291000.0,59.9,0.0,0.0,0
157,157,8930,558,2022-04-04,09:50:50,332,4.0,1300.0,232,0,0,5.8,0.0,0.0,1300.0,0.0,291000.0,291000.0,59.9,0.0,0.0,0
158,158,8933,558,2022-04-04,09:51:50,326,4.1,1300.0,232,0,0,5.7,0.0,0.0,1300.0,0.0,291000.0,291000.0,60.0,0.0,0.0,0
159,159,8936,558,2022-04-04,09:52:50,329,4.1,1300.0,232,0,0,5.6,0.0,0.0,1300.0,0.0,291000.0,291000.0,60.0,0.0,0.0,0
160,160,8939,558,2022-04-04,09:53:50,335,4.0,1300.0,232,0,0,5.7,0.0,0.0,1300.0,0.0,291000.0,291000.0,59.9,0.0,0.0,0
161,161,8942,558,2022-04-04,09:54:50,327,4.1,1300.0,232,0,0,5.8,0.0,0.0,1300.0,0.0,291000.0,291000.0,59.9,0.0,0.0,0
162,162,8945,558,2022-04-04,09:55:50,326,4.2,1300.0,232,0,0,5.5,0.0,0.0,1200.0,0.0,291000.0,291000.0,59.9,0.0,0.0,0
163,163,8948,558,2022-04-04,09:56:50,329,4.2,1300.0,232,0,0,5.8,0.0,0.0,1300.0,0.0,291000.0,291000.0,59.9,0.0,0.0,0
164,164,8951,558,2022-04-04,09:57:50,324,4.3,1300.0,232,0,0,5.8,0.0,0.0,1300.0,0.0,291000.0,291000.0,59.9,0.0,0.0,0
165,165,8954,558,2022-04-04,09:58:50,326,4.3,1400.0,232,0,0,5.5,0.0,0.0,1200.0,0.0,291000.0,291000.0,59.9,0.0,0.0,0
166,166,8957,558,2022-04-04,09:59:50,324,4.3,1400.0,232,0,0,5.8,0.0,0.0,1300.0,0.0,291000.0,291000.0,59.9,0.0,0.0,0
167,167,8960,558,2022-04-04,10:00:50,324,4.3,1400.0,232,0,0,5.9,0.0,0.0,1300.0,0.0,291000.0,291000.0,59.9,0.0,0.0,0
168,168,8963,558,2022-04-04,10:01:50,324,4.3,1400.0,233,0,0,6.0,0.0,0.0,1400.0,0.0,291000.0,291000.0,59.9,0.0,0.0,0
169,169,8966,558,2022-04-04,10:02:50,322,4.4,1400.0,233,0,0,6.0,0.0,0.0,1400.0,0.0,291000.0,291000.0,59.9,0.0,0.0,0
170,170,8969,558,2022-04-04,10:03:50,325,4.4,1400.0,233,0,0,6.0,0.0,0.0,1400.0,0.0,291000.0,291000.0,60.0,0.0,0.0,0
171,171,8972,558,2022-04-04,10:04:50,324,4.4,1400.0,232,0,0,5.9,0.0,0.0,1300.0,0.0,291000.0,291000.0,59.9,0.0,0.0,0
172,172,8975,558,2022-04-04,10:05:50,324,4.4,1400.0,232,0,0,5.9,0.0,0.0,1300.0,0.0,291000.0,291000.0,59.9,0.0,0.0,0
173,173,8978,558,2022-04-04,10:06:50,321,4.5,1400.0,232,0,0,6.2,0.0,0.0,1400.0,0.0,291000.0,291000.0,59.9,0.0,0.0,0
174,174,8981,558,2022-04-04,10:07:50,322,4.5,1400.0,232,0,0,6.0,0.0,0.0,1400.0,0.0,291000.0,291000.0,59.9,0.0,0.0,0
175,175,8984,558,2022-04-04,10:08:50,320,4.5,1400.0,232,0,0,6.1,0.0,0.0,1400.0,0.0,291000.0,291000.0,59.9,0.0,0.0,0
176,176,8987,558,2022-04-04,10:09:50,321,4.5,1400.0,232,0,0,5.9,0.0,0.0,1300.0,0.0,291000.0,291000.0,59.9,0.0,0.0,0
177,177,8990,558,2022-04-04,10:10:50,323,4.5,1400.0,231,0,0,6.1,0.0,0.0,1400.0,0.0,291000.0,291000.0,59.9,0.0,0.0,0
178,178,8993,558,2022-04-04,10:11:50,322,4.6,1400.0,231,0,0,6.1,0.0,0.0,1400.0,0.0,291000.0,291000.0,59.9,0.0,0.0,0
179,179,8996,558,2022-04-04,10:12:50,317,4.6,1400.0,232,0,0,6.1,0.0,0.0,1400.0,0.0,291000.0,291000.0,59.9,0.0,0.0,0
180,180,8999,558,2022-04-04,10:13:50,319,4.6,1500.0,232,0,0,5.9,0.0,0.0,1300.0,0.0,291000.0,291000.0,59.9,0.0,0.0,0
181,181,9002,558,2022-04-04,10:14:50,319,4.7,1500.0,232,0,0,6.2,0.0,0.0,1400.0,0.0,291000.0,291000.0,59.9,0.0,0.0,0
182,182,9005,558,2022-04-04,10:15:50,319,4.7,1500.0,232,0,0,5.9,0.0,0.0,1300.0,0.0,291000.0,291000.0,59.9,0.0,0.0,0
183,183,9008,558,2022-04-04,10:16:50,321,4.7,1500.0,232,0,0,6.2,0.0,0.0,1400.0,0.0,291000.0,291000.0,59.9,0.0,0.0,0
184,184,9011,558,2022-04-04,10:17:50,320,4.7,1500.0,232,0,0,6.3,0.0,0.0,1400.0,0.0,291000.0,291000.0,59.9,0.0,0.0,0
185,185,9017,558,2022-04-04,10:21:50,315,4.8,1500.0,232,0,0,6.4,0.0,0.0,1500.0,0.0,292000.0,292000.0,60.0,0.0,0.0,0
186,186,9020,558,2022-04-04,10:22:50,319,4.8,1500.0,231,0,0,6.5,0.0,0.0,1500.0,0.0,292000.0,292000.0,60.0,0.0,0.0,0
187,187,9023,558,2022-04-04,10:23:50,315,4.9,1500.0,232,0,0,6.5,0.0,0.0,1500.0,0.0,292000.0,292000.0,60.0,0.0,0.0,0
188,188,9026,558,2022-04-04,10:24:50,312,5.0,1500.0,231,0,0,6.6,0.0,0.0,1500.0,0.0,292000.0,292000.0,59.9,0.0,0.0,0
189,189,9029,558,2022-04-04,10:25:50,309,5.0,1500.0,232,0,0,6.5,0.0,0.0,1500.0,0.0,292000.0,292000.0,59.9,0.0,0.0,0
190,190,9032,558,2022-04-04,10:26:50,315,5.0,1500.0,231,0,0,6.7,0.0,0.0,1500.0,0.0,292000.0,292000.0,60.0,0.0,0.0,0
191,191,9035,558,2022-04-04,10:27:50,312,5.1,1500.0,231,0,0,6.4,0.0,0.0,1400.0,0.0,292000.0,292000.0,59.9,0.0,0.0,0
192,192,9038,558,2022-04-04,10:28:50,309,5.1,1500.0,231,0,0,6.7,0.0,0.0,1500.0,0.0,292000.0,292000.0,60.0,0.0,0.0,0
193,193,9041,558,2022-04-04,10:29:50,312,5.1,1600.0,231,0,0,6.6,0.0,0.0,1500.0,0.0,292000.0,292000.0,59.9,0.0,0.0,0
194,194,9044,558,2022-04-04,10:30:50,314,5.1,1600.0,231,0,0,6.7,0.0,0.0,1500.0,0.0,292000.0,292000.0,59.9,0.0,0.0,0
195,195,9047,558,2022-04-04,10:31:50,316,5.0,1600.0,230,0,0,6.7,0.0,0.0,1500.0,0.0,292000.0,292000.0,60.0,0.0,0.0,0
196,196,9050,558,2022-04-04,10:32:50,309,5.2,1600.0,231,0,0,6.8,0.0,0.0,1500.0,0.0,292000.0,292000.0,60.0,0.0,0.0,0
197,197,9053,558,2022-04-04,10:33:50,312,5.2,1600.0,232,0,0,6.7,0.0,0.0,1500.0,0.0,292000.0,292000.0,60.0,0.0,0.0,0
198,198,9056,558,2022-04-04,10:34:50,309,5.2,1600.0,232,0,0,6.3,0.0,0.0,1400.0,0.0,292000.0,292000.0,59.9,0.0,0.0,0
199,199,9059,558,2022-04-04,10:35:50,312,5.2,1600.0,232,0,0,6.8,0.0,0.0,1500.0,0.0,292000.0,292000.0,60.0,0.0,0.0,0
200,200,9062,558,2022-04-04,10:36:50,308,5.2,1600.0,232,0,0,6.7,0.0,0.0,1500.0,0.0,292000.0,292000.0,60.0,0.0,0.0,0
201,201,9065,558,2022-04-04,10:37:50,312,5.2,1600.0,232,0,0,6.8,0.0,0.0,1600.0,0.0,292000.0,292000.0,59.9,0.0,0.0,0
202,202,9068,558,2022-04-04,10:38:50,306,5.4,1600.0,232,0,0,6.8,0.0,0.0,1500.0,0.0,292000.0,292000.0,59.9,0.0,0.0,0
203,203,9071,558,2022-04-04,10:39:50,314,5.2,1600.0,232,0,0,6.8,0.0,0.0,1500.0,0.0,292000.0,292000.0,59.9,0.0,0.0,0
204,204,9073,558,2022-04-04,10:40:50,309,5.3,1600.0,232,0,0,6.8,0.0,0.0,1500.0,0.0,292000.0,292000.0,59.9,0.0,0.0,0
205,205,9075,558,2022-04-04,10:41:50,309,5.3,1600.0,231,0,0,6.9,0.0,0.0,1500.0,0.0,292000.0,292000.0,59.9,0.0,0.0,0
206,206,9077,558,2022-04-04,10:42:50,309,5.3,1600.0,231,0,0,6.9,0.0,0.0,1600.0,0.0,292000.0,292000.0,59.9,0.0,0.0,0
207,207,9080,558,2022-04-04,10:43:50,311,5.3,1600.0,231,0,0,6.8,0.0,0.0,1500.0,0.0,292000.0,292000.0,59.9,0.0,0.0,0
208,208,9083,558,2022-04-04,10:44:50,308,5.4,1600.0,231,0,0,7.1,0.0,0.0,1600.0,0.0,292000.0,292000.0,59.9,0.0,0.0,0
209,209,9086,558,2022-04-04,10:45:50,312,5.4,1600.0,231,0,0,7.0,0.0,0.0,1600.0,0.0,292000.0,292000.0,60.0,0.0,0.0,0
210,210,9089,558,2022-04-04,10:46:50,310,5.4,1600.0,231,0,0,7.1,0.0,0.0,1600.0,0.0,292000.0,292000.0,59.9,0.0,0.0,0
211,211,9092,558,2022-04-04,10:47:50,312,5.4,1700.0,231,0,0,6.7,0.0,0.0,1500.0,0.0,292000.0,292000.0,59.9,0.0,0.0,0
212,212,9095,558,2022-04-04,10:48:50,309,5.5,1700.0,231,0,0,7.0,0.0,0.0,1600.0,0.0,292000.0,292000.0,59.9,0.0,0.0,0
213,213,9098,558,2022-04-04,10:49:50,311,5.5,1700.0,231,0,0,7.0,0.0,0.0,1600.0,0.0,292000.0,292000.0,60.0,0.0,0.0,0
214,214,9101,558,2022-04-04,10:50:50,310,5.5,1700.0,232,0,0,7.0,0.0,0.0,1600.0,0.0,292000.0,292000.0,60.0,0.0,0.0,0
215,215,9104,558,2022-04-04,10:51:50,311,5.5,1700.0,232,0,0,7.3,0.0,0.0,1700.0,0.0,292000.0,292000.0,60.0,0.0,0.0,0
216,216,9107,558,2022-04-04,10:52:50,308,5.6,1700.0,231,0,0,7.3,0.0,0.0,1700.0,0.0,292000.0,292000.0,59.9,0.0,0.0,0
217,217,9110,558,2022-04-04,10:53:50,307,5.7,1700.0,232,0,0,7.3,0.0,0.0,1700.0,0.0,292000.0,292000.0,60.0,0.0,0.0,0
218,218,9113,558,2022-04-04,10:54:50,309,5.6,1700.0,232,0,0,7.0,0.0,0.0,1600.0,0.0,292000.0,292000.0,60.0,0.0,0.0,0
219,219,9122,558,2022-04-04,10:58:50,302,5.8,1700.0,232,0,0,7.2,0.0,0.0,1600.0,0.0,293000.0,293000.0,59.9,0.0,0.0,0
220,220,9125,558,2022-04-04,10:59:50,306,5.7,1700.0,232,0,0,7.3,0.0,0.0,1700.0,0.0,293000.0,293000.0,59.9,0.0,0.0,0
221,221,9128,558,2022-04-04,11:00:50,302,5.8,1700.0,231,0,0,7.3,0.0,0.0,1600.0,0.0,293000.0,293000.0,59.9,0.0,0.0,0
222,222,9131,558,2022-04-04,11:01:50,304,5.8,1700.0,232,0,0,7.4,0.0,0.0,1700.0,0.0,293000.0,293000.0,59.9,0.0,0.0,0
223,223,9134,558,2022-04-04,11:02:50,300,5.9,1700.0,232,0,0,7.4,0.0,0.0,1700.0,0.0,293000.0,293000.0,59.9,0.0,0.0,0
224,224,9137,558,2022-04-04,11:03:50,306,5.8,1700.0,232,0,0,7.2,0.0,0.0,1600.0,0.0,293000.0,293000.0,59.9,0.0,0.0,0
225,225,9140,558,2022-04-04,11:04:50,301,5.9,1700.0,231,0,0,7.4,0.0,0.0,1700.0,0.0,293000.0,293000.0,59.9,0.0,0.0,0
226,226,9143,558,2022-04-04,11:05:50,303,5.8,1700.0,232,0,0,7.5,0.0,0.0,1700.0,0.0,293000.0,293000.0,60.0,0.0,0.0,0
227,227,9145,558,2022-04-04,11:06:50,297,5.9,1700.0,232,0,0,7.1,0.0,0.0,1600.0,0.0,293000.0,293000.0,60.0,0.0,0.0,0
228,228,9147,558,2022-04-04,11:07:50,303,5.8,1700.0,232,0,0,7.3,0.0,0.0,1700.0,0.0,293000.0,293000.0,60.0,0.0,0.0,0
229,229,9149,558,2022-04-04,11:08:50,301,5.8,1700.0,232,0,0,7.1,0.0,0.0,1600.0,0.0,293000.0,293000.0,60.0,0.0,0.0,0
230,230,9152,558,2022-04-04,11:09:50,301,5.8,1700.0,232,0,0,7.1,0.0,0.0,1600.0,0.0,293000.0,293000.0,60.0,0.0,0.0,0
231,231,9155,558,2022-04-04,11:10:50,301,5.9,1700.0,231,0,0,7.3,0.0,0.0,1600.0,0.0,293000.0,293000.0,60.0,0.0,0.0,0
232,232,9158,558,2022-04-04,11:11:50,301,5.9,1700.0,231,0,0,7.3,0.0,0.0,1700.0,0.0,293000.0,293000.0,60.0,0.0,0.0,0
233,233,9161,558,2022-04-04,11:12:50,299,6.0,1800.0,232,0,0,7.4,0.0,0.0,1600.0,0.0,293000.0,293000.0,60.0,0.0,0.0,0
234,234,9164,558,2022-04-04,11:13:50,301,6.0,1800.0,231,0,0,7.5,0.0,0.0,1700.0,0.0,293000.0,293000.0,60.0,0.0,0.0,0
235,235,9167,558,2022-04-04,11:14:50,302,6.0,1800.0,231,0,0,7.6,0.0,0.0,1600.0,0.0,293000.0,293000.0,60.0,0.0,0.0,0
236,236,9170,558,2022-04-04,11:15:50,301,6.0,1800.0,232,0,0,7.6,0.0,0.0,1700.0,0.0,293000.0,293000.0,60.0,0.0,0.0,0
237,237,9173,558,2022-04-04,11:16:50,301,6.0,1800.0,232,0,0,7.6,0.0,0.0,1700.0,0.0,293000.0,293000.0,59.9,0.0,0.0,0
238,238,9176,558,2022-04-04,11:17:50,304,6.0,1800.0,232,0,0,7.6,0.0,0.0,1700.0,0.0,293000.0,293000.0,59.9,0.0,0.0,0
239,239,9179,558,2022-04-04,11:18:50,299,6.1,1800.0,231,0,0,7.7,0.0,0.0,1600.0,0.0,293000.0,293000.0,59.9,0.0,0.0,0
240,240,9182,558,2022-04-04,11:19:50,301,6.1,1800.0,231,0,0,7.5,0.0,0.0,1800.0,0.0,293000.0,293000.0,59.9,0.0,0.0,0
241,241,9185,558,2022-04-04,11:20:50,302,6.1,1800.0,232,0,0,7.7,0.0,0.0,1800.0,0.0,293000.0,293000.0,59.9,0.0,0.0,0
242,242,9188,558,2022-04-04,11:21:50,305,6.1,1800.0,232,0,0,7.8,0.0,0.0,1700.0,0.0,293000.0,293000.0,59.9,0.0,0.0,0
243,243,9191,558,2022-04-04,11:22:50,305,6.0,1800.0,232,0,0,7.6,0.0,0.0,1700.0,0.0,293000.0,293000.0,60.0,0.0,0.0,0
244,244,9194,558,2022-04-04,11:23:50,309,6.0,1800.0,232,0,0,7.7,0.0,0.0,1700.0,0.0,293000.0,293000.0,59.9,0.0,0.0,0
245,245,9196,558,2022-04-04,11:24:50,303,6.1,1800.0,231,0,0,7.7,0.0,0.0,1800.0,0.0,293000.0,293000.0,59.9,0.0,0.0,0
246,246,9198,558,2022-04-04,11:25:50,304,6.2,1800.0,232,0,0,7.8,0.0,0.0,1800.0,0.0,293000.0,293000.0,59.9,0.0,0.0,0
247,247,9200,558,2022-04-04,11:26:50,302,6.2,1800.0,231,0,0,7.7,0.0,0.0,1800.0,0.0,293000.0,293000.0,59.9,0.0,0.0,0
248,248,9203,558,2022-04-04,11:27:50,300,6.3,1800.0,231,0,0,7.9,0.0,0.0,1800.0,0.0,293000.0,293000.0,60.0,0.0,0.0,0
249,249,9206,558,2022-04-04,11:28:50,304,6.2,1900.0,231,0,0,7.8,0.0,0.0,1800.0,0.0,293000.0,293000.0,60.0,0.0,0.0,0
250,250,9215,558,2022-04-04,11:32:50,308,6.3,1900.0,231,0,0,8.0,0.0,0.0,1800.0,0.0,294000.0,294000.0,59.9,0.0,0.0,0
251,251,9218,558,2022-04-04,11:33:50,310,6.3,1900.0,231,0,0,8.1,0.0,0.0,1800.0,0.0,294000.0,294000.0,60.0,0.0,0.0,0
252,252,9221,558,2022-04-04,11:34:50,307,6.3,1900.0,231,0,0,8.2,0.0,0.0,1900.0,0.0,294000.0,294000.0,60.0,0.0,0.0,0
253,253,9224,558,2022-04-04,11:35:50,309,6.2,1900.0,231,0,0,8.0,0.0,0.0,1800.0,0.0,294000.0,294000.0,60.0,0.0,0.0,0
254,254,9227,558,2022-04-04,11:36:50,304,6.3,1900.0,231,0,0,8.0,0.0,0.0,1800.0,0.0,294000.0,294000.0,60.0,0.0,0.0,0
255,255,9230,558,2022-04-04,11:37:50,307,6.3,1900.0,231,0,0,8.1,0.0,0.0,1800.0,0.0,294000.0,294000.0,60.0,0.0,0.0,0
256,256,9233,558,2022-04-04,11:38:50,304,6.5,1900.0,232,0,0,8.3,0.0,0.0,1900.0,0.0,294000.0,294000.0,60.0,0.0,0.0,0
257,257,9236,558,2022-04-04,11:39:50,304,6.5,1900.0,231,0,0,8.1,0.0,0.0,1800.0,0.0,294000.0,294000.0,60.0,0.0,0.0,0
258,258,9239,558,2022-04-04,11:40:50,301,6.5,1900.0,231,0,0,7.8,0.0,0.0,1800.0,0.0,294000.0,294000.0,60.0,0.0,0.0,0
259,259,9242,558,2022-04-04,11:41:50,304,6.4,1900.0,231,0,0,8.1,0.0,0.0,1800.0,0.0,294000.0,294000.0,60.0,0.0,0.0,0
260,260,9245,558,2022-04-04,11:42:50,301,6.4,1900.0,231,0,0,8.0,0.0,0.0,1800.0,0.0,294000.0,294000.0,60.0,0.0,0.0,0
261,261,9248,558,2022-04-04,11:43:50,300,6.4,1900.0,231,0,0,7.8,0.0,0.0,1800.0,0.0,294000.0,294000.0,60.0,0.0,0.0,0
262,262,9251,558,2022-04-04,11:44:50,296,6.5,1900.0,232,0,0,8.1,0.0,0.0,1800.0,0.0,294000.0,294000.0,59.9,0.0,0.0,0
263,263,9254,558,2022-04-04,11:45:50,299,6.4,1900.0,231,0,0,8.1,0.0,0.0,1800.0,0.0,294000.0,294000.0,59.9,0.0,0.0,0
264,264,9257,558,2022-04-04,11:46:50,298,6.5,1900.0,231,0,0,8.1,0.0,0.0,1800.0,0.0,294000.0,294000.0,59.9,0.0,0.0,0
265,265,9260,558,2022-04-04,11:47:50,302,6.5,1900.0,231,0,0,8.1,0.0,0.0,1800.0,0.0,294000.0,294000.0,59.9,0.0,0.0,0
266,266,9262,558,2022-04-04,11:48:50,297,6.6,1900.0,232,0,0,7.8,0.0,0.0,1800.0,0.0,294000.0,294000.0,59.9,0.0,0.0,0
267,267,9265,558,2022-04-04,11:50:07,301,6.5,1900.0,233,0,0,8.1,0.0,0.0,1900.0,0.0,294000.0,294000.0,60.0,0.0,0.0,0
268,268,9267,558,2022-04-04,11:51:15,306,6.4,1900.0,232,0,0,8.2,0.0,0.0,1900.0,0.0,294000.0,294000.0,60.0,0.0,0.0,0
269,269,9269,558,2022-04-04,11:52:15,303,6.5,1900.0,232,0,0,7.9,0.0,0.0,1800.0,0.0,294000.0,294000.0,59.9,0.0,0.0,0
270,270,9271,558,2022-04-04,11:53:15,304,6.5,2000.0,232,0,0,8.2,0.0,0.0,1900.0,0.0,294000.0,294000.0,59.9,0.0,0.0,0
271,271,9274,558,2022-04-04,11:54:15,302,6.6,2000.0,232,0,0,8.1,0.0,0.0,1800.0,0.0,294000.0,294000.0,59.9,0.0,0.0,0
272,272,9277,558,2022-04-04,11:55:15,299,6.6,1900.0,232,0,0,7.9,0.0,0.0,1800.0,0.0,294000.0,294000.0,60.0,0.0,0.0,0
273,273,9280,558,2022-04-04,11:56:15,301,6.5,1900.0,233,0,0,8.3,0.0,0.0,1900.0,0.0,294000.0,294000.0,60.0,0.0,0.0,0
274,274,9283,558,2022-04-04,11:57:15,301,6.5,1900.0,233,0,0,8.1,0.0,0.0,1900.0,0.0,294000.0,294000.0,60.0,0.0,0.0,0
275,275,9286,558,2022-04-04,11:58:15,302,6.5,1900.0,233,0,0,8.1,0.0,0.0,1900.0,0.0,294000.0,294000.0,60.0,0.0,0.0,0
276,276,9289,558,2022-04-04,11:59:15,303,6.5,1900.0,234,0,0,8.1,0.0,0.0,1900.0,0.0,294000.0,294000.0,60.0,0.0,0.0,0
277,277,9292,558,2022-04-04,12:00:15,300,6.6,1900.0,234,0,0,8.1,0.0,0.0,1900.0,0.0,294000.0,294000.0,59.9,0.0,0.0,0
278,278,9303,558,2022-04-04,12:06:15,295,6.7,2000.0,234,0,0,8.2,0.0,0.0,1900.0,0.0,295000.0,295000.0,59.9,0.0,0.0,0
279,279,9305,558,2022-04-04,12:07:15,296,6.7,2000.0,234,0,0,8.2,0.0,0.0,1900.0,0.0,295000.0,295000.0,59.9,0.0,0.0,0
280,280,9307,558,2022-04-04,12:08:15,299,6.7,2000.0,234,0,0,8.2,0.0,0.0,1900.0,0.0,295000.0,295000.0,60.0,0.0,0.0,0
281,281,9309,558,2022-04-04,12:09:15,296,6.8,2000.0,234,0,0,8.2,0.0,0.0,1900.0,0.0,295000.0,295000.0,60.0,0.0,0.0,0
282,282,9312,558,2022-04-04,12:10:15,300,6.7,2000.0,233,0,0,8.1,0.0,0.0,1900.0,0.0,295000.0,295000.0,60.0,0.0,0.0,0
283,283,9315,558,2022-04-04,12:11:15,294,6.8,2000.0,234,0,0,8.1,0.0,0.0,1900.0,0.0,295000.0,295000.0,60.0,0.0,0.0,0
284,284,9318,558,2022-04-04,12:12:15,296,6.8,2000.0,234,0,0,8.3,0.0,0.0,1900.0,0.0,295000.0,295000.0,60.0,0.0,0.0,0
285,285,9321,558,2022-04-04,12:13:15,295,6.8,2000.0,234,0,0,8.2,0.0,0.0,1900.0,0.0,295000.0,295000.0,59.9,0.0,0.0,0
286,286,9324,558,2022-04-04,12:14:15,297,6.7,2000.0,234,0,0,8.2,0.0,0.0,1900.0,0.0,295000.0,295000.0,60.0,0.0,0.0,0
287,287,9327,558,2022-04-04,12:15:15,298,6.7,2000.0,234,0,0,8.2,0.0,0.0,1900.0,0.0,295000.0,295000.0,60.0,0.0,0.0,0
288,288,9330,558,2022-04-04,12:16:15,295,6.7,1900.0,234,0,0,8.2,0.0,0.0,1900.0,0.0,295000.0,295000.0,60.0,0.0,0.0,0
289,289,9333,558,2022-04-04,12:17:15,296,6.6,1900.0,234,0,0,8.3,0.0,0.0,1900.0,0.0,295000.0,295000.0,60.0,0.0,0.0,0
290,290,9336,558,2022-04-04,12:18:15,295,6.6,1900.0,234,0,0,8.0,0.0,0.0,1900.0,0.0,295000.0,295000.0,60.0,0.0,0.0,0
291,291,9339,558,2022-04-04,12:19:15,294,6.6,1900.0,234,0,0,7.6,0.0,0.0,1800.0,0.0,295000.0,295000.0,60.0,0.0,0.0,0
292,292,9342,558,2022-04-04,12:20:15,291,6.7,1900.0,234,0,0,7.8,0.0,0.0,1800.0,0.0,295000.0,295000.0,60.0,0.0,0.0,0
293,293,9345,558,2022-04-04,12:21:15,296,6.6,1900.0,234,0,0,8.0,0.0,0.0,1800.0,0.0,295000.0,295000.0,60.0,0.0,0.0,0
294,294,9348,558,2022-04-04,12:22:15,293,6.7,1900.0,233,0,0,8.2,0.0,0.0,1800.0,0.0,295000.0,295000.0,60.0,0.0,0.0,0
295,295,9351,558,2022-04-04,12:23:15,292,6.7,1900.0,233,0,0,8.1,0.0,0.0,1900.0,0.0,295000.0,295000.0,60.0,0.0,0.0,0
296,296,9354,558,2022-04-04,12:24:15,297,6.6,1900.0,233,0,0,8.0,0.0,0.0,1800.0,0.0,295000.0,295000.0,60.0,0.0,0.0,0
297,297,9357,558,2022-04-04,12:25:15,303,6.5,1900.0,232,0,0,8.2,0.0,0.0,1800.0,0.0,295000.0,295000.0,60.0,0.0,0.0,0
298,298,9360,558,2022-04-04,12:26:15,294,6.8,2000.0,232,0,0,8.2,0.0,0.0,1900.0,0.0,295000.0,295000.0,60.0,0.0,0.0,0
299,299,9363,558,2022-04-04,12:27:15,293,6.8,2000.0,232,0,0,8.2,0.0,0.0,1900.0,0.0,295000.0,295000.0,60.0,0.0,0.0,0
300,300,9365,558,2022-04-04,12:28:15,298,6.7,2000.0,233,0,0,8.2,0.0,0.0,1900.0,0.0,295000.0,295000.0,60.0,0.0,0.0,0
301,301,9367,558,2022-04-04,12:29:15,295,6.8,2000.0,232,0,0,8.2,0.0,0.0,1800.0,0.0,295000.0,295000.0,60.0,0.0,0.0,0
302,302,9369,558,2022-04-04,12:30:15,297,6.8,2000.0,233,0,0,8.3,0.0,0.0,1900.0,0.0,295000.0,295000.0,60.0,0.0,0.0,0
303,303,9371,558,2022-04-04,12:31:15,296,6.8,2000.0,233,0,0,8.3,0.0,0.0,1900.0,0.0,295000.0,295000.0,60.0,0.0,0.0,0
304,304,9383,558,2022-04-04,12:37:15,306,6.7,2000.0,233,0,0,8.4,0.0,0.0,1900.0,0.0,296000.0,296000.0,60.0,0.0,0.0,0
305,305,9386,558,2022-04-04,12:38:15,304,6.7,2000.0,233,0,0,8.5,0.0,0.0,1900.0,0.0,296000.0,296000.0,60.0,0.0,0.0,0
306,306,9389,558,2022-04-04,12:39:15,301,6.7,2000.0,233,0,0,8.5,0.0,0.0,1900.0,0.0,296000.0,296000.0,59.9,0.0,0.0,0
307,307,9392,558,2022-04-04,12:40:15,304,6.7,2000.0,233,0,0,8.5,0.0,0.0,1900.0,0.0,296000.0,296000.0,60.0,0.0,0.0,0
308,308,9395,558,2022-04-04,12:41:15,304,6.8,2000.0,233,0,0,8.2,0.0,0.0,1900.0,0.0,296000.0,296000.0,59.9,0.0,0.0,0
309,309,9398,558,2022-04-04,12:42:15,303,6.8,2000.0,233,0,0,8.0,0.0,0.0,1800.0,0.0,296000.0,296000.0,60.0,0.0,0.0,0
310,310,9401,558,2022-04-04,12:43:15,301,6.9,2000.0,233,0,0,8.2,0.0,0.0,1900.0,0.0,296000.0,296000.0,59.9,0.0,0.0,0
311,311,9403,558,2022-04-04,12:44:15,298,6.9,2000.0,233,0,0,8.4,0.0,0.0,1900.0,0.0,296000.0,296000.0,59.9,0.0,0.0,0
312,312,9405,558,2022-04-04,12:45:15,299,6.9,2000.0,233,0,0,8.5,0.0,0.0,1900.0,0.0,296000.0,296000.0,59.9,0.0,0.0,0
313,313,9407,558,2022-04-04,12:46:15,303,6.8,2000.0,233,0,0,8.5,0.0,0.0,2000.0,0.0,296000.0,296000.0,59.9,0.0,0.0,0
314,314,9409,558,2022-04-04,12:47:15,302,6.8,2000.0,233,0,0,8.4,0.0,0.0,1900.0,0.0,296000.0,296000.0,59.9,0.0,0.0,0
315,315,9411,558,2022-04-04,12:48:15,304,6.7,2000.0,233,0,0,8.4,0.0,0.0,1900.0,0.0,296000.0,296000.0,59.9,0.0,0.0,0
316,316,9414,558,2022-04-04,12:49:15,302,6.8,2000.0,233,0,0,8.4,0.0,0.0,1900.0,0.0,296000.0,296000.0,59.9,0.0,0.0,0
317,317,9417,558,2022-04-04,12:50:15,303,6.8,2000.0,233,0,0,8.3,0.0,0.0,1900.0,0.0,296000.0,296000.0,60.0,0.0,0.0,0
318,318,9420,558,2022-04-04,12:51:15,306,6.7,2000.0,233,0,0,8.5,0.0,0.0,2000.0,0.0,296000.0,296000.0,59.9,0.0,0.0,0
319,319,9423,558,2022-04-04,12:52:15,303,6.7,2000.0,233,0,0,8.2,0.0,0.0,1900.0,0.0,296000.0,296000.0,59.9,0.0,0.0,0
320,320,9426,558,2022-04-04,12:53:15,301,6.8,2000.0,233,0,0,8.5,0.0,0.0,1900.0,0.0,296000.0,296000.0,59.9,0.0,0.0,0
321,321,9429,558,2022-04-04,12:54:15,299,6.7,2000.0,232,0,0,8.3,0.0,0.0,1900.0,0.0,296000.0,296000.0,59.9,0.0,0.0,0
322,322,9432,558,2022-04-04,12:55:15,297,6.8,2000.0,232,0,0,8.4,0.0,0.0,1900.0,0.0,296000.0,296000.0,59.9,0.0,0.0,0
323,323,9435,558,2022-04-04,12:56:15,300,6.7,2000.0,232,0,0,8.3,0.0,0.0,1900.0,0.0,296000.0,296000.0,59.9,0.0,0.0,0
324,324,9438,558,2022-04-04,12:57:15,301,6.8,2000.0,232,0,0,8.4,0.0,0.0,1900.0,0.0,296000.0,296000.0,60.0,0.0,0.0,0
325,325,9441,558,2022-04-04,12:58:15,299,6.9,2000.0,231,0,0,8.7,0.0,0.0,2000.0,0.0,296000.0,296000.0,60.0,0.0,0.0,0
326,326,9444,558,2022-04-04,12:59:15,305,6.8,2000.0,232,0,0,8.5,0.0,0.0,1900.0,0.0,296000.0,296000.0,59.9,0.0,0.0,0
327,327,9447,558,2022-04-04,13:00:15,296,7.0,2000.0,232,0,0,8.4,0.0,0.0,1900.0,0.0,296000.0,296000.0,59.9,0.0,0.0,0
328,328,9450,558,2022-04-04,13:01:15,302,6.8,2000.0,233,0,0,8.7,0.0,0.0,2000.0,0.0,296000.0,296000.0,60.0,0.0,0.0,0
329,329,9461,558,2022-04-04,13:07:15,300,6.9,2000.0,232,0,0,8.7,0.0,0.0,2000.0,0.0,297000.0,297000.0,59.9,0.0,0.0,0
330,330,9463,558,2022-04-04,13:08:15,305,6.8,2000.0,233,0,0,8.5,0.0,0.0,1900.0,0.0,297000.0,297000.0,59.9,0.0,0.0,0
331,331,9465,558,2022-04-04,13:09:15,303,6.8,2000.0,232,0,0,8.6,0.0,0.0,2000.0,0.0,297000.0,297000.0,59.9,0.0,0.0,0
332,332,9467,558,2022-04-04,13:10:15,302,6.8,2000.0,232,0,0,8.5,0.0,0.0,1900.0,0.0,297000.0,297000.0,60.0,0.0,0.0,0
333,333,9470,558,2022-04-04,13:11:15,303,6.8,2000.0,232,0,0,8.7,0.0,0.0,2000.0,0.0,297000.0,297000.0,60.0,0.0,0.0,0
334,334,9473,558,2022-04-04,13:12:15,307,6.7,2000.0,232,0,0,8.6,0.0,0.0,2000.0,0.0,297000.0,297000.0,60.0,0.0,0.0,0
335,335,9476,558,2022-04-04,13:13:15,303,6.8,2000.0,232,0,0,8.5,0.0,0.0,1900.0,0.0,297000.0,297000.0,60.0,0.0,0.0,0
336,336,9479,558,2022-04-04,13:14:15,309,6.6,2000.0,232,0,0,8.5,0.0,0.0,1900.0,0.0,297000.0,297000.0,60.0,0.0,0.0,0
337,337,9482,558,2022-04-04,13:15:15,299,6.9,2000.0,232,0,0,8.5,0.0,0.0,1900.0,0.0,297000.0,297000.0,60.0,0.0,0.0,0
338,338,9485,558,2022-04-04,13:16:15,298,7.0,2000.0,232,0,0,8.6,0.0,0.0,2000.0,0.0,297000.0,297000.0,60.0,0.0,0.0,0
339,339,9488,558,2022-04-04,13:17:15,299,7.0,2100.0,232,0,0,8.7,0.0,0.0,2000.0,0.0,297000.0,297000.0,59.9,0.0,0.0,0
340,340,9491,558,2022-04-04,13:18:15,300,7.0,2100.0,232,0,0,8.8,0.0,0.0,2000.0,0.0,297000.0,297000.0,60.0,0.0,0.0,0
341,341,9494,558,2022-04-04,13:19:15,303,6.8,2000.0,231,0,0,8.5,0.0,0.0,1900.0,0.0,297000.0,297000.0,59.9,0.0,0.0,0
342,342,9497,558,2022-04-04,13:20:15,297,7.0,2000.0,232,0,0,8.7,0.0,0.0,2000.0,0.0,297000.0,297000.0,59.9,0.0,0.0,0
343,343,9500,558,2022-04-04,13:21:15,302,6.8,2000.0,232,0,0,8.4,0.0,0.0,1900.0,0.0,297000.0,297000.0,59.9,0.0,0.0,0
344,344,9502,558,2022-04-04,13:22:15,301,6.8,2000.0,232,0,0,8.5,0.0,0.0,2000.0,0.0,297000.0,297000.0,59.9,0.0,0.0,0
345,345,9504,558,2022-04-04,13:23:15,300,7.0,2100.0,233,0,0,8.4,0.0,0.0,1900.0,0.0,297000.0,297000.0,59.9,0.0,0.0,0
346,346,9506,558,2022-04-04,13:24:15,301,6.9,2000.0,233,0,0,8.5,0.0,0.0,2000.0,0.0,297000.0,297000.0,59.9,0.0,0.0,0
347,347,9508,558,2022-04-04,13:25:15,302,6.9,2100.0,232,0,0,8.7,0.0,0.0,2000.0,0.0,297000.0,297000.0,59.9,0.0,0.0,0
348,348,9510,558,2022-04-04,13:26:15,300,7.0,2100.0,232,0,0,8.6,0.0,0.0,2000.0,0.0,297000.0,297000.0,60.0,0.0,0.0,0
349,349,9513,558,2022-04-04,13:27:15,305,6.9,2100.0,232,0,0,8.8,0.0,0.0,2000.0,0.0,297000.0,297000.0,59.9,0.0,0.0,0
350,350,9516,558,2022-04-04,13:28:15,300,7.0,2100.0,232,0,0,8.7,0.0,0.0,2000.0,0.0,297000.0,297000.0,59.9,0.0,0.0,0
351,351,9519,558,2022-04-04,13:29:15,301,6.9,2100.0,232,0,0,8.7,0.0,0.0,2000.0,0.0,297000.0,297000.0,59.9,0.0,0.0,0
352,352,9522,558,2022-04-04,13:30:15,300,6.9,2000.0,232,0,0,8.7,0.0,0.0,2000.0,0.0,297000.0,297000.0,60.0,0.0,0.0,0
353,353,9525,558,2022-04-04,13:31:15,302,6.9,2000.0,232,0,0,8.8,0.0,0.0,2000.0,0.0,297000.0,297000.0,60.0,0.0,0.0,0
354,354,9538,558,2022-04-04,13:37:15,302,6.8,2000.0,231,0,0,8.7,0.0,0.0,2000.0,0.0,298000.0,298000.0,60.0,0.0,0.0,0
355,355,9541,558,2022-04-04,13:38:15,303,6.8,2000.0,232,0,0,8.6,0.0,0.0,2000.0,0.0,298000.0,298000.0,59.9,0.0,0.0,0
356,356,9544,558,2022-04-04,13:39:15,304,6.8,2000.0,231,0,0,8.6,0.0,0.0,2000.0,0.0,298000.0,298000.0,60.0,0.0,0.0,0
357,357,9547,558,2022-04-04,13:40:15,305,6.7,2000.0,231,0,0,8.4,0.0,0.0,1900.0,0.0,298000.0,298000.0,59.9,0.0,0.0,0
358,358,9550,558,2022-04-04,13:41:15,300,6.8,2000.0,231,0,0,8.4,0.0,0.0,1900.0,0.0,298000.0,298000.0,59.9,0.0,0.0,0
359,359,9553,558,2022-04-04,13:42:15,308,6.7,2000.0,232,0,0,8.6,0.0,0.0,2000.0,0.0,298000.0,298000.0,60.0,0.0,0.0,0
360,360,9556,558,2022-04-04,13:43:15,306,6.7,2000.0,232,0,0,8.5,0.0,0.0,1900.0,0.0,298000.0,298000.0,59.9,0.0,0.0,0
361,361,9558,558,2022-04-04,13:44:15,304,6.7,2000.0,232,0,0,8.5,0.0,0.0,1900.0,0.0,298000.0,298000.0,59.9,0.0,0.0,0
362,362,9560,558,2022-04-04,13:45:15,305,6.8,2000.0,231,0,0,8.5,0.0,0.0,1900.0,0.0,298000.0,298000.0,59.9,0.0,0.0,0
363,363,9562,558,2022-04-04,13:46:15,298,7.0,2100.0,233,0,0,8.7,0.0,0.0,2000.0,0.0,298000.0,298000.0,59.9,0.0,0.0,0
364,364,9564,558,2022-04-04,13:47:15,298,7.0,2100.0,232,0,0,8.7,0.0,0.0,2000.0,0.0,298000.0,298000.0,59.9,0.0,0.0,0
365,365,9566,558,2022-04-04,13:48:15,298,7.0,2000.0,232,0,0,8.0,0.0,0.0,1800.0,0.0,298000.0,298000.0,59.9,0.0,0.0,0
366,366,9569,558,2022-04-04,13:49:15,304,6.7,2000.0,232,0,0,8.6,0.0,0.0,2000.0,0.0,298000.0,298000.0,59.9,0.0,0.0,0
367,367,9572,558,2022-04-04,13:50:15,303,6.7,2000.0,232,0,0,8.5,0.0,0.0,1900.0,0.0,298000.0,298000.0,59.9,0.0,0.0,0
368,368,9575,558,2022-04-04,13:51:15,304,6.7,2000.0,232,0,0,8.5,0.0,0.0,1900.0,0.0,298000.0,298000.0,59.9,0.0,0.0,0
369,369,9578,558,2022-04-04,13:52:15,299,6.8,2000.0,232,0,0,8.5,0.0,0.0,1900.0,0.0,298000.0,298000.0,59.9,0.0,0.0,0
370,370,9581,558,2022-04-04,13:53:15,301,6.8,2000.0,232,0,0,8.5,0.0,0.0,1900.0,0.0,298000.0,298000.0,59.9,0.0,0.0,0
371,371,9584,558,2022-04-04,13:54:15,303,6.7,2000.0,232,0,0,8.5,0.0,0.0,1900.0,0.0,298000.0,298000.0,59.9,0.0,0.0,0
372,372,9587,558,2022-04-04,13:55:15,303,6.8,2000.0,232,0,0,8.4,0.0,0.0,1900.0,0.0,298000.0,298000.0,59.9,0.0,0.0,0
373,373,9590,558,2022-04-04,13:56:15,304,6.7,2000.0,232,0,0,8.3,0.0,0.0,1900.0,0.0,298000.0,298000.0,59.9,0.0,0.0,0
374,374,9593,558,2022-04-04,13:57:15,305,6.7,2000.0,232,0,0,8.5,0.0,0.0,1900.0,0.0,298000.0,298000.0,59.9,0.0,0.0,0
375,375,9596,558,2022-04-04,13:58:15,306,6.7,2000.0,232,0,0,8.5,0.0,0.0,1900.0,0.0,298000.0,298000.0,59.9,0.0,0.0,0
376,376,9598,558,2022-04-04,13:59:15,305,6.7,2000.0,232,0,0,8.3,0.0,0.0,1900.0,0.0,298000.0,298000.0,59.9,0.0,0.0,0
377,377,9600,558,2022-04-04,14:00:15,304,6.7,2000.0,233,0,0,7.8,0.0,0.0,1800.0,0.0,298000.0,298000.0,60.0,0.0,0.0,0
378,378,9610,558,2022-04-04,14:06:15,301,6.7,2000.0,233,0,0,8.3,0.0,0.0,1900.0,0.0,299000.0,299000.0,60.0,0.0,0.0,0
379,379,9613,558,2022-04-04,14:07:15,299,6.8,2000.0,233,0,0,8.4,0.0,0.0,1900.0,0.0,299000.0,299000.0,60.0,0.0,0.0,0
380,380,9616,558,2022-04-04,14:08:15,306,6.7,2000.0,233,0,0,8.4,0.0,0.0,1900.0,0.0,299000.0,299000.0,60.0,0.0,0.0,0
381,381,9619,558,2022-04-04,14:09:15,301,6.8,2000.0,233,0,0,8.5,0.0,0.0,1900.0,0.0,299000.0,299000.0,59.9,0.0,0.0,0
382,382,9622,558,2022-04-04,14:10:15,301,6.8,2000.0,232,0,0,8.5,0.0,0.0,1900.0,0.0,299000.0,299000.0,59.9,0.0,0.0,0
383,383,9625,558,2022-04-04,14:11:15,304,6.8,2000.0,232,0,0,8.5,0.0,0.0,2000.0,0.0,299000.0,299000.0,60.0,0.0,0.0,0
384,384,9628,558,2022-04-04,14:12:15,308,6.6,2000.0,232,0,0,8.4,0.0,0.0,1900.0,0.0,299000.0,299000.0,59.9,0.0,0.0,0
385,385,9631,558,2022-04-04,14:13:15,300,6.8,2000.0,232,0,0,8.3,0.0,0.0,1900.0,0.0,299000.0,299000.0,59.9,0.0,0.0,0
386,386,9634,558,2022-04-04,14:14:15,303,6.7,2000.0,232,0,0,8.4,0.0,0.0,1900.0,0.0,299000.0,299000.0,59.9,0.0,0.0,0
387,387,9637,558,2022-04-04,14:15:15,302,6.7,2000.0,233,0,0,8.4,0.0,0.0,1900.0,0.0,299000.0,299000.0,59.9,0.0,0.0,0
388,388,9640,558,2022-04-04,14:16:15,305,6.7,2000.0,232,0,0,8.6,0.0,0.0,2000.0,0.0,299000.0,299000.0,59.9,0.0,0.0,0
389,389,9643,558,2022-04-04,14:17:15,308,6.6,2000.0,232,0,0,8.2,0.0,0.0,1900.0,0.0,299000.0,299000.0,59.9,0.0,0.0,0
390,390,9646,558,2022-04-04,14:18:15,303,6.7,2000.0,233,0,0,8.2,0.0,0.0,1900.0,0.0,299000.0,299000.0,59.9,0.0,0.0,0
391,391,9649,558,2022-04-04,14:19:15,302,6.7,2000.0,232,0,0,8.3,0.0,0.0,1900.0,0.0,299000.0,299000.0,59.9,0.0,0.0,0
392,392,9652,558,2022-04-04,14:20:15,305,6.6,2000.0,233,0,0,8.4,0.0,0.0,1900.0,0.0,299000.0,299000.0,59.9,0.0,0.0,0
393,393,9654,558,2022-04-04,14:21:15,307,6.6,2000.0,233,0,0,8.4,0.0,0.0,1900.0,0.0,299000.0,299000.0,59.9,0.0,0.0,0
394,394,9656,558,2022-04-04,14:22:15,304,6.6,2000.0,233,0,0,8.2,0.0,0.0,1900.0,0.0,299000.0,299000.0,59.9,0.0,0.0,0
395,395,9658,558,2022-04-04,14:23:15,302,6.6,2000.0,233,0,0,8.3,0.0,0.0,1900.0,0.0,299000.0,299000.0,59.9,0.0,0.0,0
396,396,9660,558,2022-04-04,14:24:15,304,6.6,2000.0,233,0,0,8.4,0.0,0.0,1900.0,0.0,299000.0,299000.0,60.0,0.0,0.0,0
397,397,9662,558,2022-04-04,14:25:15,303,6.6,2000.0,233,0,0,8.2,0.0,0.0,1900.0,0.0,299000.0,299000.0,60.0,0.0,0.0,0
398,398,9665,558,2022-04-04,14:26:15,306,6.5,2000.0,233,0,0,8.3,0.0,0.0,1900.0,0.0,299000.0,299000.0,60.0,0.0,0.0,0
399,399,9668,558,2022-04-04,14:27:15,306,6.6,2000.0,233,0,0,8.3,0.0,0.0,1900.0,0.0,299000.0,299000.0,60.0,0.0,0.0,0
400,400,9671,558,2022-04-04,14:28:15,304,6.7,2000.0,233,0,0,8.5,0.0,0.0,1900.0,0.0,299000.0,299000.0,60.0,0.0,0.0,0
401,401,9674,558,2022-04-04,14:29:15,301,6.7,2000.0,233,0,0,8.3,0.0,0.0,1900.0,0.0,299000.0,299000.0,59.9,0.0,0.0,0
402,402,9677,558,2022-04-04,14:30:15,305,6.6,2000.0,233,0,0,8.3,0.0,0.0,1900.0,0.0,299000.0,299000.0,59.9,0.0,0.0,0
403,403,9680,558,2022-04-04,14:31:15,304,6.6,2000.0,233,0,0,8.3,0.0,0.0,1900.0,0.0,299000.0,299000.0,59.9,0.0,0.0,0
404,404,9693,558,2022-04-04,14:37:15,309,6.5,2000.0,233,0,0,8.2,0.0,0.0,1900.0,0.0,300000.0,300000.0,59.9,0.0,0.0,0
405,405,9695,558,2022-04-04,14:38:15,308,6.5,2000.0,233,0,0,8.3,0.0,0.0,1900.0,0.0,300000.0,300000.0,60.0,0.0,0.0,0
406,406,9697,558,2022-04-04,14:39:15,309,6.5,2000.0,233,0,0,8.0,0.0,0.0,1800.0,0.0,300000.0,300000.0,59.9,0.0,0.0,0
407,407,9699,558,2022-04-04,14:40:15,307,6.5,2000.0,233,0,0,8.3,0.0,0.0,1900.0,0.0,300000.0,300000.0,60.0,0.0,0.0,0
408,408,9701,558,2022-04-04,14:41:15,308,6.5,2000.0,233,0,0,8.3,0.0,0.0,1900.0,0.0,300000.0,300000.0,59.9,0.0,0.0,0
409,409,9703,558,2022-04-04,14:42:15,307,6.5,2000.0,233,0,0,8.3,0.0,0.0,1900.0,0.0,300000.0,300000.0,59.9,0.0,0.0,0
410,410,9706,558,2022-04-04,14:43:15,305,6.5,2000.0,233,0,0,8.1,0.0,0.0,1800.0,0.0,300000.0,300000.0,59.9,0.0,0.0,0
411,411,9709,558,2022-04-04,14:44:15,306,6.5,2000.0,233,0,0,8.1,0.0,0.0,1800.0,0.0,300000.0,300000.0,60.0,0.0,0.0,0
412,412,9712,558,2022-04-04,14:45:15,305,6.5,1900.0,233,0,0,8.1,0.0,0.0,1900.0,0.0,300000.0,300000.0,60.0,0.0,0.0,0
413,413,9715,558,2022-04-04,14:46:15,304,6.5,1900.0,233,0,0,8.3,0.0,0.0,1900.0,0.0,300000.0,300000.0,60.0,0.0,0.0,0
414,414,9718,558,2022-04-04,14:47:15,304,6.5,1900.0,233,0,0,8.0,0.0,0.0,1800.0,0.0,300000.0,300000.0,59.9,0.0,0.0,0
415,415,9721,558,2022-04-04,14:48:15,304,6.4,1900.0,233,0,0,7.7,0.0,0.0,1800.0,0.0,300000.0,300000.0,59.9,0.0,0.0,0
416,416,9724,558,2022-04-04,14:49:15,307,6.4,1900.0,233,0,0,8.1,0.0,0.0,1800.0,0.0,300000.0,300000.0,59.9,0.0,0.0,0
417,417,9727,558,2022-04-04,14:50:15,306,6.4,1900.0,233,0,0,8.1,0.0,0.0,1800.0,0.0,300000.0,300000.0,59.9,0.0,0.0,0
418,418,9730,558,2022-04-04,14:51:15,309,6.3,1900.0,234,0,0,8.0,0.0,0.0,1800.0,0.0,300000.0,300000.0,59.9,0.0,0.0,0
419,419,9733,558,2022-04-04,14:52:15,304,6.4,1900.0,234,0,0,8.1,0.0,0.0,1900.0,0.0,300000.0,300000.0,59.9,0.0,0.0,0
420,420,9736,558,2022-04-04,14:53:15,303,6.4,1900.0,234,0,0,8.0,0.0,0.0,1800.0,0.0,300000.0,300000.0,60.0,0.0,0.0,0
421,421,9739,558,2022-04-04,14:54:15,306,6.3,1900.0,233,0,0,8.0,0.0,0.0,1800.0,0.0,300000.0,300000.0,60.0,0.0,0.0,0
422,422,9742,558,2022-04-04,14:55:15,303,6.3,1900.0,234,0,0,7.7,0.0,0.0,1800.0,0.0,300000.0,300000.0,60.0,0.0,0.0,0
423,423,9745,558,2022-04-04,14:56:15,305,6.3,1900.0,234,0,0,8.0,0.0,0.0,1800.0,0.0,300000.0,300000.0,60.0,0.0,0.0,0
424,424,9748,558,2022-04-04,14:57:15,307,6.2,1900.0,234,0,0,7.9,0.0,0.0,1800.0,0.0,300000.0,300000.0,60.0,0.0,0.0,0
425,425,9751,558,2022-04-04,14:58:15,310,6.1,1900.0,234,0,0,7.8,0.0,0.0,1800.0,0.0,300000.0,300000.0,60.0,0.0,0.0,0
426,426,9754,558,2022-04-04,14:59:15,303,6.3,1900.0,233,0,0,7.9,0.0,0.0,1800.0,0.0,300000.0,300000.0,59.9,0.0,0.0,0
427,427,9756,558,2022-04-04,15:00:15,311,6.1,1900.0,234,0,0,7.8,0.0,0.0,1800.0,0.0,300000.0,300000.0,59.9,0.0,0.0,0
428,428,9758,558,2022-04-04,15:01:15,308,6.2,1900.0,234,0,0,7.8,0.0,0.0,1800.0,0.0,300000.0,300000.0,59.9,0.0,0.0,0
429,429,9760,558,2022-04-04,15:02:15,312,6.1,1900.0,234,0,0,7.6,0.0,0.0,1800.0,0.0,300000.0,300000.0,60.0,0.0,0.0,0
430,430,9771,558,2022-04-04,15:08:15,311,6.0,1800.0,234,0,0,7.5,0.0,0.0,1700.0,0.0,301000.0,301000.0,59.9,0.0,0.0,0
431,431,9774,558,2022-04-04,15:09:15,309,6.1,1800.0,234,0,0,7.7,0.0,0.0,1800.0,0.0,301000.0,301000.0,59.9,0.0,0.0,0
432,432,9777,558,2022-04-04,15:10:15,315,5.9,1800.0,234,0,0,7.6,0.0,0.0,1700.0,0.0,301000.0,301000.0,59.9,0.0,0.0,0
433,433,9780,558,2022-04-04,15:11:15,312,5.9,1800.0,234,0,0,7.5,0.0,0.0,1700.0,0.0,301000.0,301000.0,59.9,0.0,0.0,0
434,434,9783,558,2022-04-04,15:12:15,313,5.9,1800.0,234,0,0,7.6,0.0,0.0,1800.0,0.0,301000.0,301000.0,59.9,0.0,0.0,0
435,435,9786,558,2022-04-04,15:13:15,310,5.9,1800.0,234,0,0,7.5,0.0,0.0,1700.0,0.0,301000.0,301000.0,59.9,0.0,0.0,0
436,436,9789,558,2022-04-04,15:14:15,311,5.9,1800.0,234,0,0,7.6,0.0,0.0,1700.0,0.0,301000.0,301000.0,59.9,0.0,0.0,0
437,437,9792,558,2022-04-04,15:15:15,310,5.9,1800.0,234,0,0,7.5,0.0,0.0,1700.0,0.0,301000.0,301000.0,60.0,0.0,0.0,0
438,438,9795,558,2022-04-04,15:16:15,309,5.9,1800.0,234,0,0,7.5,0.0,0.0,1700.0,0.0,301000.0,301000.0,59.9,0.0,0.0,0
439,439,9798,558,2022-04-04,15:17:15,306,5.9,1800.0,234,0,0,7.3,0.0,0.0,1700.0,0.0,301000.0,301000.0,60.0,0.0,0.0,0
440,440,9800,558,2022-04-04,15:18:15,311,5.8,1800.0,233,0,0,7.4,0.0,0.0,1700.0,0.0,301000.0,301000.0,59.9,0.0,0.0,0
441,441,9802,558,2022-04-04,15:19:15,307,5.8,1800.0,233,0,0,7.4,0.0,0.0,1700.0,0.0,301000.0,301000.0,59.9,0.0,0.0,0
442,442,9804,558,2022-04-04,15:20:15,308,5.8,1800.0,233,0,0,7.3,0.0,0.0,1700.0,0.0,301000.0,301000.0,59.9,0.0,0.0,0
443,443,9806,558,2022-04-04,15:21:15,309,5.7,1700.0,233,0,0,7.4,0.0,0.0,1700.0,0.0,301000.0,301000.0,59.9,0.0,0.0,0
444,444,9808,558,2022-04-04,15:22:15,309,5.8,1800.0,233,0,0,7.3,0.0,0.0,1700.0,0.0,301000.0,301000.0,59.9,0.0,0.0,0
445,445,9811,558,2022-04-04,15:23:15,308,5.8,1700.0,233,0,0,7.4,0.0,0.0,1700.0,0.0,301000.0,301000.0,59.9,0.0,0.0,0
446,446,9814,558,2022-04-04,15:24:15,311,5.7,1700.0,233,0,0,7.4,0.0,0.0,1700.0,0.0,301000.0,301000.0,60.0,0.0,0.0,0
447,447,9817,558,2022-04-04,15:25:15,310,5.6,1700.0,234,0,0,7.2,0.0,0.0,1700.0,0.0,301000.0,301000.0,59.9,0.0,0.0,0
448,448,9820,558,2022-04-04,15:26:15,310,5.6,1700.0,234,0,0,7.0,0.0,0.0,1600.0,0.0,301000.0,301000.0,60.0,0.0,0.0,0
449,449,9823,558,2022-04-04,15:27:15,308,5.6,1700.0,234,0,0,6.9,0.0,0.0,1600.0,0.0,301000.0,301000.0,60.0,0.0,0.0,0
450,450,9826,558,2022-04-04,15:28:15,306,5.6,1700.0,234,0,0,7.1,0.0,0.0,1600.0,0.0,301000.0,301000.0,60.0,0.0,0.0,0
451,451,9829,558,2022-04-04,15:29:15,311,5.5,1700.0,233,0,0,7.1,0.0,0.0,1600.0,0.0,301000.0,301000.0,60.0,0.0,0.0,0
452,452,9832,558,2022-04-04,15:30:15,308,5.5,1700.0,234,0,0,7.0,0.0,0.0,1600.0,0.0,301000.0,301000.0,60.0,0.0,0.0,0
453,453,9835,558,2022-04-04,15:31:15,312,5.5,1700.0,234,0,0,7.2,0.0,0.0,1600.0,0.0,301000.0,301000.0,60.0,0.0,0.0,0
454,454,9838,558,2022-04-04,15:32:15,310,5.5,1700.0,234,0,0,6.8,0.0,0.0,1500.0,0.0,301000.0,301000.0,59.9,0.0,0.0,0
455,455,9841,558,2022-04-04,15:33:15,310,5.4,1700.0,234,0,0,6.8,0.0,0.0,1600.0,0.0,301000.0,301000.0,59.9,0.0,0.0,0
456,456,9844,558,2022-04-04,15:34:15,310,5.4,1600.0,234,0,0,6.8,0.0,0.0,1500.0,0.0,301000.0,301000.0,60.0,0.0,0.0,0
457,457,9847,558,2022-04-04,15:35:15,322,5.1,1600.0,233,0,0,6.7,0.0,0.0,1500.0,0.0,301000.0,301000.0,59.9,0.0,0.0,0
458,458,9850,558,2022-04-04,15:36:15,303,5.3,1600.0,234,0,0,6.7,0.0,0.0,1500.0,0.0,301000.0,301000.0,60.0,0.0,0.0,0
459,459,9853,558,2022-04-04,15:37:15,308,5.2,1600.0,234,0,0,6.2,0.0,0.0,1500.0,0.0,301000.0,301000.0,60.0,0.0,0.0,0
460,460,9866,558,2022-04-04,15:43:15,293,4.9,1400.0,234,0,0,5.7,0.0,0.0,1400.0,0.0,302000.0,302000.0,60.0,0.0,0.0,0
461,461,9868,558,2022-04-04,15:44:15,279,5.2,1400.0,234,0,0,6.0,0.0,0.0,1300.0,0.0,302000.0,302000.0,60.0,0.0,0.0,0
462,462,9870,558,2022-04-04,15:45:15,281,5.1,1400.0,234,0,0,5.6,0.0,0.0,1300.0,0.0,302000.0,302000.0,60.0,0.0,0.0,0
463,463,9872,558,2022-04-04,15:46:15,283,5.0,1400.0,234,0,0,5.9,0.0,0.0,1200.0,0.0,302000.0,302000.0,59.9,0.0,0.0,0
464,464,9874,558,2022-04-04,15:47:15,273,5.1,1400.0,234,0,0,5.8,0.0,0.0,1300.0,0.0,302000.0,302000.0,60.0,0.0,0.0,0
465,465,9876,558,2022-04-04,15:48:15,275,5.0,1400.0,234,0,0,5.8,0.0,0.0,1300.0,0.0,302000.0,302000.0,59.9,0.0,0.0,0
466,466,9879,558,2022-04-04,15:49:15,276,4.9,1300.0,234,0,0,5.4,0.0,0.0,1300.0,0.0,302000.0,302000.0,59.9,0.0,0.0,0
467,467,9882,558,2022-04-04,15:50:15,262,5.1,1300.0,234,0,0,5.5,0.0,0.0,1200.0,0.0,302000.0,302000.0,59.9,0.0,0.0,1
468,468,9885,558,2022-04-04,15:51:15,258,5.1,1300.0,233,0,0,5.5,0.0,0.0,1200.0,0.0,302000.0,302000.0,59.9,0.0,0.0,1
469,469,9888,558,2022-04-04,15:52:15,269,4.8,1300.0,234,0,0,5.4,0.0,0.0,1200.0,0.0,302000.0,302000.0,59.9,0.0,0.0,1
470,470,9891,558,2022-04-04,15:53:15,281,4.3,1200.0,234,0,0,4.8,0.0,0.0,1100.0,0.0,302000.0,302000.0,59.9,0.0,0.0,1
471,471,9894,558,2022-04-04,15:54:15,252,5.0,1200.0,234,0,0,5.4,0.0,0.0,1200.0,0.0,302000.0,302000.0,59.9,0.0,0.0,1
472,472,9897,558,2022-04-04,15:55:15,255,4.9,1200.0,233,0,0,5.2,0.0,0.0,1200.0,0.0,302000.0,302000.0,59.9,0.0,0.0,1
473,473,9900,558,2022-04-04,15:56:15,267,4.5,1200.0,233,0,0,5.0,0.0,0.0,1100.0,0.0,302000.0,302000.0,59.9,0.0,0.0,1
474,474,9903,558,2022-04-04,15:57:15,247,4.8,1200.0,233,0,0,5.1,0.0,0.0,1100.0,0.0,302000.0,302000.0,59.9,0.0,0.0,1
475,475,9906,558,2022-04-04,15:58:15,245,4.9,1200.0,233,0,0,4.9,0.0,0.0,1100.0,0.0,302000.0,302000.0,59.9,0.0,0.0,1
476,476,9909,558,2022-04-04,15:59:15,248,4.8,1200.0,233,0,0,4.8,0.0,0.0,1100.0,0.0,302000.0,302000.0,60.0,0.0,0.0,1
477,477,9912,558,2022-04-04,16:00:15,260,4.5,1100.0,233,0,0,4.5,0.0,0.0,1000.0,0.0,302000.0,302000.0,60.0,0.0,0.0,1
478,478,9915,558,2022-04-04,16:01:15,245,4.7,1100.0,233,0,0,4.7,0.0,0.0,1100.0,0.0,302000.0,302000.0,60.0,0.0,0.0,1
479,479,9918,558,2022-04-04,16:02:15,241,4.8,1100.0,234,0,0,4.8,0.0,0.0,1100.0,0.0,302000.0,302000.0,60.0,0.0,0.0,1
480,480,9921,558,2022-04-04,16:03:15,243,4.7,1100.0,235,0,0,4.7,0.0,0.0,1100.0,0.0,302000.0,302000.0,60.0,0.0,0.0,1
481,481,9924,558,2022-04-04,16:04:15,252,4.3,1000.0,234,0,0,4.5,0.0,0.0,1000.0,0.0,302000.0,302000.0,60.0,0.0,0.0,1
482,482,9926,558,2022-04-04,16:05:15,235,4.6,1100.0,234,0,0,4.6,0.0,0.0,1000.0,0.0,302000.0,302000.0,59.9,0.0,0.0,1
483,483,9928,558,2022-04-04,16:06:15,237,4.6,1000.0,234,0,0,4.6,0.0,0.0,1000.0,0.0,302000.0,302000.0,59.9,0.0,0.0,1
484,484,9930,558,2022-04-04,16:07:15,237,4.6,1000.0,234,0,0,4.3,0.0,0.0,1000.0,0.0,302000.0,302000.0,59.9,0.0,0.0,1
485,485,9932,558,2022-04-04,16:08:15,235,4.6,1000.0,234,0,0,4.5,0.0,0.0,1000.0,0.0,302000.0,302000.0,59.9,0.0,0.0,1
486,486,9934,558,2022-04-04,16:09:15,236,4.5,1000.0,234,0,0,4.0,0.0,0.0,900.0,0.0,302000.0,302000.0,60.0,0.0,0.0,1
487,487,9937,558,2022-04-04,16:10:15,235,4.5,1000.0,234,0,0,4.4,0.0,0.0,1000.0,0.0,302000.0,302000.0,59.9,0.0,0.0,1
488,488,9940,558,2022-04-04,16:11:15,240,4.4,1000.0,234,0,0,4.4,0.0,0.0,1000.0,0.0,302000.0,302000.0,59.9,0.0,0.0,1
489,489,9943,558,2022-04-04,16:12:15,237,4.5,1000.0,234,0,0,4.5,0.0,0.0,1000.0,0.0,302000.0,302000.0,59.9,0.0,0.0,1
490,490,9946,558,2022-04-04,16:13:15,240,4.4,1000.0,234,0,0,4.3,0.0,0.0,1000.0,0.0,302000.0,302000.0,60.0,0.0,0.0,1
491,491,9949,558,2022-04-04,16:14:15,235,4.4,1000.0,234,0,0,4.3,0.0,0.0,1000.0,0.0,302000.0,302000.0,60.0,0.0,0.0,1
492,492,9952,558,2022-04-04,16:15:15,238,4.4,1000.0,233,0,0,4.4,0.0,0.0,1000.0,0.0,302000.0,302000.0,59.9,0.0,0.0,1
493,493,9955,558,2022-04-04,16:16:15,240,4.3,1000.0,234,0,0,4.5,0.0,0.0,1000.0,0.0,302000.0,302000.0,59.9,0.0,0.0,1
494,494,9958,558,2022-04-04,16:17:15,235,4.4,1000.0,234,0,0,4.3,0.0,0.0,1000.0,0.0,302000.0,302000.0,60.0,0.0,0.0,1
495,495,9961,558,2022-04-04,16:18:15,242,4.2,1000.0,234,0,0,4.3,0.0,0.0,1000.0,0.0,302000.0,302000.0,59.9,0.0,0.0,1
496,496,9964,558,2022-04-04,16:19:15,231,4.2,900.0,234,0,0,4.0,0.0,0.0,900.0,0.0,302000.0,302000.0,60.0,0.0,0.0,1
497,497,9967,558,2022-04-04,16:20:15,228,4.2,900.0,233,0,0,4.1,0.0,0.0,900.0,0.0,302000.0,302000.0,60.0,0.0,0.0,1
498,498,9970,558,2022-04-04,16:21:15,235,4.0,900.0,233,0,0,4.1,0.0,0.0,900.0,0.0,302000.0,302000.0,60.0,0.0,0.0,1
499,499,9973,558,2022-04-04,16:22:15,244,3.4,800.0,233,0,0,3.5,0.0,0.0,800.0,0.0,302000.0,302000.0,59.9,0.0,0.0,1
500,500,9976,558,2022-04-04,16:23:15,221,4.1,900.0,233,0,0,3.8,0.0,0.0,900.0,0.0,302000.0,302000.0,59.9,0.0,0.0,1
501,501,9979,558,2022-04-04,16:24:15,220,4.0,900.0,233,0,0,3.7,0.0,0.0,800.0,0.0,302000.0,302000.0,59.9,0.0,0.0,1
502,502,9982,558,2022-04-04,16:25:15,214,4.0,800.0,233,0,0,3.6,0.0,0.0,800.0,0.0,302000.0,302000.0,60.0,0.0,0.0,1
503,503,9985,558,2022-04-04,16:26:15,213,4.0,800.0,234,0,0,3.7,0.0,0.0,800.0,0.0,302000.0,302000.0,60.0,0.0,0.0,1
504,504,9988,558,2022-04-04,16:27:15,217,3.9,800.0,234,0,0,3.6,0.0,0.0,800.0,0.0,302000.0,302000.0,60.0,0.0,0.0,1
505,505,9991,558,2022-04-04,16:28:15,206,3.9,800.0,234,0,0,3.4,0.0,0.0,700.0,0.0,302000.0,302000.0,59.9,0.0,0.0,1
506,506,9994,558,2022-04-04,16:29:15,205,3.9,800.0,234,0,0,3.3,0.0,0.0,700.0,0.0,302000.0,302000.0,60.0,0.0,0.0,1
507,507,10007,558,2022-04-04,16:35:15,191,3.8,700.0,234,0,0,3.0,0.0,0.0,700.0,0.0,303000.0,303000.0,60.0,0.0,0.0,1
508,508,10010,558,2022-04-04,16:36:15,191,3.7,700.0,234,0,0,3.0,0.0,0.0,700.0,0.0,303000.0,303000.0,59.9,0.0,0.0,1
509,509,10013,558,2022-04-04,16:37:15,191,3.7,700.0,234,0,0,3.1,0.0,0.0,700.0,0.0,303000.0,303000.0,59.9,0.0,0.0,1
510,510,10015,558,2022-04-04,16:38:15,188,3.7,700.0,234,0,0,2.9,0.0,0.0,600.0,0.0,303000.0,303000.0,59.9,0.0,0.0,1
511,511,10017,558,2022-04-04,16:39:15,184,3.7,600.0,234,0,0,2.9,0.0,0.0,600.0,0.0,303000.0,303000.0,60.0,0.0,0.0,1
512,512,10019,558,2022-04-04,16:40:15,183,3.6,600.0,234,0,0,2.7,0.0,0.0,600.0,0.0,303000.0,303000.0,59.9,0.0,0.0,1
513,513,10021,558,2022-04-04,16:41:15,192,3.2,600.0,234,0,0,2.6,0.0,0.0,600.0,0.0,303000.0,303000.0,59.9,0.0,0.0,1
514,514,10023,558,2022-04-04,16:42:15,202,2.8,500.0,234,0,0,2.4,0.0,0.0,500.0,0.0,303000.0,303000.0,59.9,0.0,0.0,1
515,515,10026,558,2022-04-04,16:43:15,199,2.4,400.0,234,0,0,2.0,0.0,0.0,400.0,0.0,303000.0,303000.0,60.0,0.0,0.0,1
516,516,10029,558,2022-04-04,16:44:15,182,2.6,400.0,234,0,0,2.0,0.0,0.0,400.0,0.0,303000.0,303000.0,59.9,0.0,0.0,1
517,517,10032,558,2022-04-04,16:45:15,188,2.2,400.0,234,0,0,1.7,0.0,0.0,400.0,0.0,303000.0,303000.0,59.9,0.0,0.0,1
518,518,10035,558,2022-04-04,16:46:15,185,2.0,300.0,234,0,0,1.6,0.0,0.0,300.0,0.0,303000.0,303000.0,60.0,0.0,0.0,1
519,519,10038,558,2022-04-04,16:47:15,183,1.7,300.0,234,0,0,1.3,0.0,0.0,300.0,0.0,303000.0,303000.0,60.0,0.0,0.0,1
520,520,10041,558,2022-04-04,16:48:15,156,1.8,200.0,234,0,0,1.0,0.0,0.0,200.0,0.0,303000.0,303000.0,59.9,0.0,0.0,1
521,521,10044,558,2022-04-04,16:49:15,392,0.0,0.0,234,0,0,0.0,0.0,0.0,200.0,0.0,303000.0,303000.0,59.9,0.0,0.0,1
522,522,10047,558,2022-04-04,16:50:15,391,0.0,0.0,234,0,0,0.0,0.0,0.0,200.0,0.0,303000.0,303000.0,60.0,0.0,0.0,1
523,523,10050,558,2022-04-04,16:51:15,389,0.0,0.0,234,0,0,0.0,0.0,0.0,200.0,0.0,303000.0,303000.0,60.0,0.0,0.0,1
524,524,10053,558,2022-04-04,16:52:15,388,0.0,0.0,234,0,0,0.0,0.0,0.0,200.0,0.0,303000.0,303000.0,60.0,0.0,0.0,1
525,525,10056,558,2022-04-04,16:53:15,386,0.0,0.0,234,0,0,0.0,0.0,0.0,200.0,0.0,303000.0,303000.0,60.0,0.0,0.0,1
526,526,10059,558,2022-04-04,16:54:15,385,0.0,0.0,234,0,0,0.0,0.0,0.0,200.0,0.0,303000.0,303000.0,60.0,0.0,0.0,1
527,527,10062,558,2022-04-04,16:55:15,350,0.5,100.0,234,0,0,0.6,0.0,0.0,100.0,0.0,303000.0,303000.0,59.9,0.0,0.0,2
528,528,10065,558,2022-04-04,16:56:15,342,0.5,100.0,234,0,0,0.6,0.0,0.0,100.0,0.0,303000.0,303000.0,60.0,0.0,0.0,0
529,529,10068,558,2022-04-04,16:57:15,348,0.5,100.0,234,0,0,0.6,0.0,0.0,100.0,0.0,303000.0,303000.0,60.0,0.0,0.0,0
530,530,10071,558,2022-04-04,16:58:15,350,0.5,100.0,234,0,0,0.6,0.0,0.0,100.0,0.0,303000.0,303000.0,59.9,0.0,0.0,0
531,531,10074,558,2022-04-04,16:59:15,349,0.5,100.0,234,0,0,0.6,0.0,0.0,100.0,0.0,303000.0,303000.0,59.9,0.0,0.0,0
532,532,10077,558,2022-04-04,17:00:15,349,0.5,100.0,234,0,0,0.6,0.0,0.0,100.0,0.0,303000.0,303000.0,60.0,0.0,0.0,0
533,533,10080,558,2022-04-04,17:01:15,349,0.5,100.0,234,0,0,0.6,0.0,0.0,100.0,0.0,303000.0,303000.0,60.0,0.0,0.0,0
534,534,10083,558,2022-04-04,17:02:15,348,0.5,100.0,234,0,0,0.6,0.0,0.0,100.0,0.0,303000.0,303000.0,60.0,0.0,0.0,0
535,535,10086,558,2022-04-04,17:03:15,342,0.5,100.0,234,0,0,0.6,0.0,0.0,100.0,0.0,303000.0,303000.0,60.0,0.0,0.0,0
536,536,10089,558,2022-04-04,17:04:15,348,0.5,100.0,234,0,0,0.6,0.0,0.0,100.0,0.0,303000.0,303000.0,60.0,0.0,0.0,0
537,537,10092,558,2022-04-04,17:05:15,348,0.5,100.0,234,0,0,0.6,0.0,0.0,100.0,0.0,303000.0,303000.0,60.0,0.0,0.0,0
538,538,10095,558,2022-04-04,17:06:15,348,0.4,100.0,234,0,0,0.6,0.0,0.0,100.0,0.0,303000.0,303000.0,59.9,0.0,0.0,0
539,539,10098,558,2022-04-04,17:07:15,336,0.5,100.0,234,0,0,0.6,0.0,0.0,100.0,0.0,303000.0,303000.0,60.0,0.0,0.0,0
540,540,10101,558,2022-04-04,17:08:15,336,0.5,100.0,234,0,0,0.6,0.0,0.0,100.0,0.0,303000.0,303000.0,60.0,0.0,0.0,0
541,541,10104,558,2022-04-04,17:09:15,342,0.4,100.0,234,0,0,0.6,0.0,0.0,100.0,0.0,303000.0,303000.0,59.9,0.0,0.0,0
542,542,10107,558,2022-04-04,17:10:15,350,0.4,100.0,234,0,0,0.6,0.0,0.0,100.0,0.0,303000.0,303000.0,59.9,0.0,0.0,0
543,543,10110,558,2022-04-04,17:11:15,337,0.4,100.0,233,0,0,0.6,0.0,0.0,100.0,0.0,303000.0,303000.0,59.9,0.0,0.0,0
544,544,10113,558,2022-04-04,17:12:15,345,0.4,100.0,234,0,0,0.6,0.0,0.0,100.0,0.0,303000.0,303000.0,60.0,0.0,0.0,0
545,545,10116,558,2022-04-04,17:13:15,348,0.4,100.0,234,0,0,0.6,0.0,0.0,100.0,0.0,303000.0,303000.0,59.9,0.0,0.0,0
546,546,10119,558,2022-04-04,17:14:15,334,0.4,100.0,234,0,0,0.6,0.0,0.0,100.0,0.0,303000.0,303000.0,59.9,0.0,0.0,0
547,547,10122,558,2022-04-04,17:15:15,345,0.4,100.0,233,0,0,0.6,0.0,0.0,100.0,0.0,303000.0,303000.0,59.9,0.0,0.0,0
548,548,10125,558,2022-04-04,17:16:15,345,0.4,100.0,234,0,0,0.6,0.0,0.0,100.0,0.0,303000.0,303000.0,60.0,0.0,0.0,0
549,549,10128,558,2022-04-04,17:17:15,340,0.4,100.0,234,0,0,0.5,0.0,0.0,100.0,0.0,303000.0,303000.0,60.0,0.0,0.0,0
550,550,10131,558,2022-04-04,17:18:15,344,0.4,100.0,234,0,0,0.5,0.0,0.0,100.0,0.0,303000.0,303000.0,60.0,0.0,0.0,0
551,551,10134,558,2022-04-04,17:19:15,346,0.4,100.0,234,0,0,0.5,0.0,0.0,100.0,0.0,303000.0,303000.0,60.0,0.0,0.0,0
552,552,10137,558,2022-04-04,17:20:15,351,0.4,100.0,234,0,0,0.5,0.0,0.0,100.0,0.0,303000.0,303000.0,60.0,0.0,0.0,0
553,553,10140,558,2022-04-04,17:21:15,345,0.4,100.0,234,0,0,0.5,0.0,0.0,100.0,0.0,303000.0,303000.0,60.0,0.0,0.0,0
554,554,10143,558,2022-04-04,17:22:15,340,0.4,100.0,233,0,0,0.6,0.0,0.0,100.0,0.0,303000.0,303000.0,59.9,0.0,0.0,0
555,555,10146,558,2022-04-04,17:23:15,345,0.4,100.0,234,0,0,0.5,0.0,0.0,100.0,0.0,303000.0,303000.0,60.0,0.0,0.0,0
556,556,10149,558,2022-04-04,17:24:15,339,0.4,100.0,234,0,0,0.5,0.0,0.0,100.0,0.0,303000.0,303000.0,59.9,0.0,0.0,0
557,557,10152,558,2022-04-04,17:25:15,339,0.4,100.0,233,0,0,0.5,0.0,0.0,100.0,0.0,303000.0,303000.0,60.0,0.0,0.0,0
558,558,10155,558,2022-04-04,17:26:15,339,0.4,100.0,234,0,0,0.6,0.0,0.0,100.0,0.0,303000.0,303000.0,59.9,0.0,0.0,0
559,559,10158,558,2022-04-04,17:27:15,345,0.4,100.0,234,0,0,0.5,0.0,0.0,100.0,0.0,303000.0,303000.0,60.0,0.0,0.0,0
560,560,10161,558,2022-04-04,17:28:15,339,0.4,100.0,234,0,0,0.5,0.0,0.0,100.0,0.0,303000.0,303000.0,59.9,0.0,0.0,0
561,561,10164,558,2022-04-04,17:29:15,339,0.4,100.0,234,0,0,0.5,0.0,0.0,100.0,0.0,303000.0,303000.0,60.0,0.0,0.0,0
562,562,10167,558,2022-04-04,17:30:15,338,0.4,100.0,234,0,0,0.5,0.0,0.0,100.0,0.0,303000.0,303000.0,59.9,0.0,0.0,0
563,563,10170,558,2022-04-04,17:31:15,346,0.4,100.0,234,0,0,0.5,0.0,0.0,100.0,0.0,303000.0,303000.0,59.9,0.0,0.0,0
564,564,10173,558,2022-04-04,17:32:15,339,0.4,100.0,234,0,0,0.5,0.0,0.0,100.0,0.0,303000.0,303000.0,60.0,0.0,0.0,0
565,565,10176,558,2022-04-04,17:33:15,339,0.4,100.0,234,0,0,0.5,0.0,0.0,100.0,0.0,303000.0,303000.0,60.0,0.0,0.0,0
566,566,10179,558,2022-04-04,17:34:15,340,0.4,100.0,234,0,0,0.5,0.0,0.0,100.0,0.0,303000.0,303000.0,59.9,0.0,0.0,0
567,567,10182,558,2022-04-04,17:35:15,344,0.3,100.0,233,0,0,0.5,0.0,0.0,100.0,0.0,303000.0,303000.0,59.9,0.0,0.0,0
568,568,10185,558,2022-04-04,17:36:15,339,0.3,100.0,233,0,0,0.5,0.0,0.0,100.0,0.0,303000.0,303000.0,59.9,0.0,0.0,0
569,569,10188,558,2022-04-04,17:37:15,337,0.3,100.0,233,0,0,0.5,0.0,0.0,100.0,0.0,303000.0,303000.0,59.9,0.0,0.0,0
570,570,10191,558,2022-04-04,17:38:15,335,0.3,100.0,234,0,0,0.5,0.0,0.0,100.0,0.0,303000.0,303000.0,59.9,0.0,0.0,0
571,571,10194,558,2022-04-04,17:39:15,310,0.4,100.0,233,0,0,0.5,0.0,0.0,100.0,0.0,303000.0,303000.0,59.9,0.0,0.0,0
572,572,10197,558,2022-04-04,17:40:15,336,0.3,100.0,234,0,0,0.5,0.0,0.0,100.0,0.0,303000.0,303000.0,60.0,0.0,0.0,0
573,573,10200,558,2022-04-04,17:41:15,341,0.3,100.0,234,0,0,0.5,0.0,0.0,100.0,0.0,303000.0,303000.0,60.0,0.0,0.0,0
574,574,10203,558,2022-04-04,17:42:15,342,0.3,100.0,234,0,0,0.5,0.0,0.0,100.0,0.0,303000.0,303000.0,60.0,0.0,0.0,0
575,575,10206,558,2022-04-04,17:43:15,342,0.3,100.0,234,0,0,0.4,0.0,0.0,100.0,0.0,303000.0,303000.0,60.0,0.0,0.0,0
576,576,10208,558,2022-04-04,17:44:15,336,0.3,100.0,233,0,0,0.5,0.0,0.0,100.0,0.0,303000.0,303000.0,59.9,0.0,0.0,0
577,577,10211,558,2022-04-04,17:45:15,342,0.3,100.0,234,0,0,0.4,0.0,0.0,100.0,0.0,303000.0,303000.0,59.9,0.0,0.0,0
578,578,10213,558,2022-04-04,17:46:15,336,0.3,100.0,234,0,0,0.5,0.0,0.0,100.0,0.0,303000.0,303000.0,60.0,0.0,0.0,0
579,579,10216,558,2022-04-04,17:47:15,330,0.3,100.0,234,0,0,0.5,0.0,0.0,100.0,0.0,303000.0,303000.0,60.0,0.0,0.0,0
580,580,10219,558,2022-04-04,17:48:15,336,0.3,100.0,234,0,0,0.5,0.0,0.0,100.0,0.0,303000.0,303000.0,60.0,0.0,0.0,0
581,581,10221,558,2022-04-04,17:49:15,330,0.3,100.0,234,0,0,0.5,0.0,0.0,100.0,0.0,303000.0,303000.0,60.0,0.0,0.0,0
582,582,10224,558,2022-04-04,17:50:15,336,0.3,100.0,234,0,0,0.4,0.0,0.0,100.0,0.0,303000.0,303000.0,60.0,0.0,0.0,0
583,583,10227,558,2022-04-04,17:51:15,336,0.3,100.0,234,0,0,0.4,0.0,0.0,100.0,0.0,303000.0,303000.0,60.0,0.0,0.0,0
584,584,10228,558,2022-04-04,17:52:15,336,0.3,100.0,234,0,0,0.4,0.0,0.0,100.0,0.0,303000.0,303000.0,60.0,0.0,0.0,0
585,585,10231,558,2022-04-04,17:53:15,336,0.3,100.0,234,0,0,0.4,0.0,0.0,100.0,0.0,303000.0,303000.0,60.0,0.0,0.0,0
586,586,10233,558,2022-04-04,17:54:15,336,0.3,100.0,234,0,0,0.4,0.0,0.0,100.0,0.0,303000.0,303000.0,60.0,0.0,0.0,0
587,587,10234,558,2022-04-04,17:55:15,336,0.3,100.0,234,0,0,0.4,0.0,0.0,100.0,0.0,303000.0,303000.0,60.0,0.0,0.0,0
588,588,10236,558,2022-04-04,17:56:15,344,0.2,0.0,234,0,0,0.4,0.0,0.0,100.0,0.0,303000.0,303000.0,60.0,0.0,0.0,0
589,589,10237,558,2022-04-04,17:57:15,225,0.3,0.0,234,0,0,0.4,0.0,0.0,100.0,0.0,303000.0,303000.0,60.0,0.0,0.0,0
590,590,10238,558,2022-04-04,17:58:15,121,0.3,0.0,234,0,0,0.4,0.0,0.0,100.0,0.0,303000.0,303000.0,59.9,0.0,0.0,0
591,591,10241,558,2022-04-04,18:00:15,121,0.3,0.0,234,0,0,0.4,0.0,0.0,100.0,0.0,303000.0,303000.0,60.0,0.0,0.0,0
