env_index,env_date,env_time,env_slopesolar,env_levelsolar,env_modtemp,env_airtemp,env_tilt_degree,env_direction_degree,predict
0,2023-04-07,0:00:23,0,0,8.6,9.8,65.34,130.67,0
1,2023-04-07,0:02:23,0,0,8.6,9.7,76.57,153.14,0
2,2023-04-07,0:04:23,0,0,8.6,9.7,0.67,1.33,0
3,2023-04-07,0:06:23,0,0,8.7,9.9,85.01,170.01,0
4,2023-04-07,0:08:23,0,0,8.6,9.9,159.32,318.63,0
5,2023-04-07,0:10:23,0,0,8.6,9.7,34.41,68.83,0
6,2023-04-07,0:12:23,0,0,8.6,9.9,83.02,166.05,0
7,2023-04-07,0:14:23,0,0,8.6,9.7,42.58,85.17,0
8,2023-04-07,0:16:23,0,0,8.4,9.5,64.11,128.22,0
9,2023-04-07,0:18:23,0,0,8.6,9.5,108.8,217.6,0
10,2023-04-07,0:20:23,0,0,8.6,9.5,7.42,14.83,0
11,2023-04-07,0:22:23,0,0,8.4,9.5,113.73,227.46,0
12,2023-04-07,0:24:23,0,0,8.6,9.5,77.2,154.41,0
13,2023-04-07,0:26:23,0,0,8.4,9.5,97.48,194.95,0
14,2023-04-07,0:28:23,0,0,8.4,9.5,26.19,52.38,0
15,2023-04-07,0:30:23,0,0,8.4,9.5,45.55,91.09,0
16,2023-04-07,0:32:23,0,0,8.6,9.5,144.04,288.09,0
17,2023-04-07,0:34:23,0,0,8.4,9.5,112.92,225.84,0
18,2023-04-07,0:36:23,0,0,8.6,9.5,156.32,312.64,0
19,2023-04-07,0:38:23,0,0,8.4,9.5,116.97,233.94,0
20,2023-04-07,0:40:23,0,0,8.6,9.5,176.08,352.16,0
21,2023-04-07,0:42:23,0,0,8.4,9.5,126.26,252.52,0
22,2023-04-07,0:44:23,0,0,8.6,9.5,164.56,329.12,0
23,2023-04-07,0:46:23,0,0,8.4,9.5,169.01,338.03,0
24,2023-04-07,0:48:23,0,0,8.4,9.5,124.68,249.36,0
25,2023-04-07,0:50:24,0,0,8.6,9.5,84.5,169,0
26,2023-04-07,0:52:23,0,0,8.4,9.5,167.25,334.5,0
27,2023-04-07,0:54:24,0,0,8.4,9.5,88.03,176.07,0
28,2023-04-07,0:56:23,0,0,8.4,9.5,7.11,14.23,0
29,2023-04-07,0:58:24,0,0,8.4,9.5,12.45,24.89,0
30,2023-04-07,1:00:23,0,0,8.4,9.5,145.27,290.54,0
31,2023-04-07,1:02:24,0,0,8.6,9.5,98.58,197.16,0
32,2023-04-07,1:04:24,0,0,8.4,9.5,158.1,316.2,0
33,2023-04-07,1:06:24,0,0,8.4,9.5,77.29,154.58,0
34,2023-04-07,1:08:24,0,0,8.4,9.5,171.98,343.96,0
35,2023-04-07,1:10:24,0,0,8.4,9.5,91.88,183.76,0
36,2023-04-07,1:12:24,0,0,8.4,9.5,16.62,33.23,0
37,2023-04-07,1:14:24,0,0,8.4,9.7,39.56,79.12,0
38,2023-04-07,1:16:24,0,0,8.4,9.5,33.73,67.46,0
39,2023-04-07,1:18:24,0,0,8.4,9.5,69.09,138.19,0
40,2023-04-07,1:20:24,0,0,8.4,9.5,141.99,283.99,0
41,2023-04-07,1:22:24,0,0,8.4,9.5,91.9,183.81,0
42,2023-04-07,1:24:24,0,0,8.2,9.5,23.27,46.55,0
43,2023-04-07,1:26:24,0,0,8.4,9.5,23.45,46.9,0
44,2023-04-07,1:28:24,0,0,8.4,9.5,126.53,253.07,0
45,2023-04-07,1:30:24,0,0,8.2,9.5,100.73,201.46,0
46,2023-04-07,1:32:24,0,0,8.1,9.5,32.04,64.09,0
47,2023-04-07,1:34:24,0,0,8.1,9.5,94.94,189.88,0
48,2023-04-07,1:36:24,0,0,8.1,9.5,53.1,106.2,0
49,2023-04-07,1:38:24,0,0,8.1,9.5,122.66,245.32,0
50,2023-04-07,1:40:24,0,0,8.1,9.5,70.17,140.34,0
51,2023-04-07,1:42:24,0,0,8.1,9.5,168.48,336.96,0
52,2023-04-07,1:44:24,0,0,8.1,9.5,53.46,106.93,0
53,2023-04-07,1:46:24,0,0,8,9.5,79.94,159.87,0
54,2023-04-07,1:48:24,0,0,8,9.4,178.13,356.26,0
55,2023-04-07,1:50:24,0,0,8.1,9.3,177.8,355.61,0
56,2023-04-07,1:52:24,0,0,8.1,9.5,114.22,228.44,0
57,2023-04-07,1:54:24,0,0,8.1,9.3,103.67,207.35,0
58,2023-04-07,1:56:24,0,0,7.9,9.5,7.32,14.65,0
59,2023-04-07,1:58:24,0,0,8.1,9.5,84.42,168.85,0
60,2023-04-07,2:00:24,0,0,8,9.3,119.58,239.15,0
61,2023-04-07,2:02:24,0,0,7.9,9.3,74.57,149.14,0
62,2023-04-07,2:04:24,0,0,7.9,9.4,93.32,186.63,0
63,2023-04-07,2:06:24,0,0,7.7,9.3,52.98,105.96,0
64,2023-04-07,2:08:24,0,0,7.9,9.3,148.98,297.96,0
65,2023-04-07,2:10:24,0,0,7.7,9.3,74.66,149.32,0
66,2023-04-07,2:12:24,0,0,7.7,9.3,143.79,287.58,0
67,2023-04-07,2:14:24,0,0,7.7,9.3,151.36,302.71,0
68,2023-04-07,2:16:24,0,0,7.9,9.3,144.89,289.78,0
69,2023-04-07,2:18:24,0,0,7.7,9.2,12.26,24.51,0
70,2023-04-07,2:20:24,0,0,7.7,9.3,124.47,248.93,0
71,2023-04-07,2:22:24,0,0,7.7,9.3,56.52,113.05,0
72,2023-04-07,2:24:24,0,0,7.3,9.3,123.53,247.06,0
73,2023-04-07,2:26:24,0,0,7.3,8.8,43.18,86.36,0
74,2023-04-07,2:28:24,0,0,7.1,8.8,118.26,236.52,0
75,2023-04-07,2:30:24,0,0,7.1,8.8,82.01,164.03,0
76,2023-04-07,2:32:24,0,0,6.9,9.2,104.86,209.71,0
77,2023-04-07,2:34:24,0,0,6.9,8.8,54.54,109.07,0
78,2023-04-07,2:36:24,0,0,6.8,8.8,15.48,30.95,0
79,2023-04-07,2:38:24,0,0,6.6,8.8,123.54,247.08,0
80,2023-04-07,2:40:24,0,0,6.6,8.8,30.11,60.23,0
81,2023-04-07,2:42:24,0,0,6.2,8.8,41.31,82.63,0
82,2023-04-07,2:44:24,0,0,6.4,8.8,91.53,183.06,0
83,2023-04-07,2:46:24,0,0,6.4,8.8,70.59,141.18,0
84,2023-04-07,2:48:24,0,0,6.2,8.8,138.27,276.53,0
85,2023-04-07,2:50:24,0,0,6.4,8.8,102.23,204.47,0
86,2023-04-07,2:52:24,0,0,6.2,8.8,140.33,280.66,0
87,2023-04-07,2:54:24,0,0,5.8,8.8,48.88,97.76,0
88,2023-04-07,2:56:24,0,0,5.8,8.8,163.9,327.79,0
89,2023-04-07,2:58:24,0,0,5.8,8.6,171.08,342.17,0
90,2023-04-07,3:00:24,0,0,5.8,8.7,146.63,293.25,0
91,2023-04-07,3:02:24,0,0,5.8,8.4,116.66,233.32,0
92,2023-04-07,3:04:24,0,0,5.8,8.4,10.59,21.19,0
93,2023-04-07,3:06:24,0,0,5.5,8.4,168.68,337.36,0
94,2023-04-07,3:08:24,0,0,5.7,8.4,74.13,148.25,0
95,2023-04-07,3:10:24,0,0,5.5,8.2,27.86,55.73,0
96,2023-04-07,3:12:24,0,0,5.3,8.4,3.63,7.27,0
97,2023-04-07,3:14:24,0,0,5.7,8.4,82.2,164.4,0
98,2023-04-07,3:16:24,0,0,5.5,8.1,66.77,133.55,0
99,2023-04-07,3:18:24,0,0,5.1,8.1,9.37,18.74,0
100,2023-04-07,3:20:24,0,0,5.5,8.1,125.69,251.39,0
101,2023-04-07,3:22:24,0,0,5.5,8.4,84.66,169.32,0
102,2023-04-07,3:24:24,0,0,5.1,8.1,126.78,253.55,0
103,2023-04-07,3:26:24,0,0,5.1,7.9,99.25,198.5,0
104,2023-04-07,3:28:24,0,0,5.1,7.9,129.75,259.5,0
105,2023-04-07,3:30:24,0,0,5.1,7.9,40.11,80.21,0
106,2023-04-07,3:32:24,0,0,5.1,7.7,65.38,130.77,0
107,2023-04-07,3:34:24,0,0,5.1,7.9,65.88,131.75,0
108,2023-04-07,3:36:24,0,0,5.1,7.9,146.45,292.9,0
109,2023-04-07,3:38:24,0,0,5.1,7.9,135.5,271.01,0
110,2023-04-07,3:40:24,0,0,5.1,7.9,68.59,137.18,0
111,2023-04-07,3:42:24,0,0,5.1,8.1,141.4,282.79,0
112,2023-04-07,3:44:24,0,0,5.1,8.2,96.43,192.87,0
113,2023-04-07,3:46:24,0,0,5.4,8.2,17.34,34.68,0
114,2023-04-07,3:48:24,0,0,5.3,8.1,58.79,117.59,0
115,2023-04-07,3:50:24,0,0,5.5,8.3,119.09,238.17,0
116,2023-04-07,3:52:24,0,0,5.3,8.1,79.18,158.35,0
117,2023-04-07,3:54:24,0,0,5.5,8.4,49.16,98.31,0
118,2023-04-07,3:56:24,0,0,5.8,8.4,160.52,321.04,0
119,2023-04-07,3:58:24,0,0,5.8,8.6,114.73,229.45,0
120,2023-04-07,4:00:24,0,0,5.7,8.4,70.71,141.42,0
121,2023-04-07,4:02:24,0,0,5.8,8.4,40.79,81.59,0
122,2023-04-07,4:04:24,0,0,5.8,8.4,58.48,116.95,0
123,2023-04-07,4:06:24,0,0,5.8,8.3,14.13,28.26,0
124,2023-04-07,4:08:24,0,0,5.8,8.4,15.03,30.06,0
125,2023-04-07,4:10:24,0,0,5.8,8.4,17.64,35.28,0
126,2023-04-07,4:12:24,0,0,6.2,8.4,138.21,276.43,0
127,2023-04-07,4:14:24,0,0,6.2,8.4,44.18,88.37,0
128,2023-04-07,4:16:24,0,0,6.4,8.4,48.73,97.47,0
129,2023-04-07,4:18:24,0,0,6.2,8.4,22.21,44.42,0
130,2023-04-07,4:20:24,0,0,6.2,8.6,91.34,182.69,0
131,2023-04-07,4:22:24,0,0,6.2,8.6,153.63,307.25,0
132,2023-04-07,4:24:24,0,0,6.2,8.4,59.2,118.39,0
133,2023-04-07,4:26:24,0,0,6.2,8.6,42.99,85.98,0
134,2023-04-07,4:28:24,0,0,6.2,8.6,2.8,5.61,0
135,2023-04-07,4:30:24,0,0,5.8,8.6,71.38,142.77,0
136,2023-04-07,4:32:24,0,0,6.2,8.6,135.35,270.71,0
137,2023-04-07,4:34:24,0,0,6.2,8.6,127.34,254.68,0
138,2023-04-07,4:36:24,0,0,6.4,8.4,33.9,67.8,0
139,2023-04-07,4:38:24,0,0,6.4,8.8,158.86,317.73,0
140,2023-04-07,4:40:24,0,0,6.4,8.7,113.55,227.11,0
141,2023-04-07,4:42:24,0,0,6.4,8.6,43.21,86.43,0
142,2023-04-07,4:44:24,0,0,6.2,8.6,102.04,204.09,0
143,2023-04-07,4:46:24,0,0,6.4,8.8,110.14,220.28,0
144,2023-04-07,4:48:24,0,0,6.4,8.8,152.59,305.18,0
145,2023-04-07,4:50:24,0,0,6.4,8.8,116.24,232.49,0
146,2023-04-07,4:52:24,0,0,6.4,8.6,109.46,218.91,0
147,2023-04-07,4:54:24,0,0,6.4,8.6,60.93,121.86,0
148,2023-04-07,4:56:24,0,0,6.4,8.7,165.23,330.45,0
149,2023-04-07,4:58:24,0,0,6.4,8.8,29.29,58.57,0
150,2023-04-07,5:00:24,0,0,6.2,8.6,43.81,87.62,0
151,2023-04-07,5:02:24,0,0,6.2,8.6,140.22,280.44,0
152,2023-04-07,5:04:24,0,0,6.2,8.4,177.59,355.17,0
153,2023-04-07,5:06:24,0,0,5.8,8.4,160.65,321.31,0
154,2023-04-07,5:08:24,0,0,6.2,8.4,6.71,13.42,0
155,2023-04-07,5:10:24,0,0,6.2,8.4,71.16,142.31,0
156,2023-04-07,5:12:24,0,0,6.4,8.4,83.06,166.12,0
157,2023-04-07,5:14:24,0,0,6.2,8.6,35.25,70.5,0
158,2023-04-07,5:16:24,0,0,6.5,8.4,143.81,287.61,0
159,2023-04-07,5:18:24,0,0,6.2,8.7,41.15,82.29,0
160,2023-04-07,5:20:24,0,0,6.5,8.6,70.05,140.1,0
161,2023-04-07,5:22:24,0,0,6.6,8.6,29.27,58.54,0
162,2023-04-07,5:24:24,0,0,6.2,8.4,136.45,272.9,0
163,2023-04-07,5:26:24,0,0,6.4,8.4,120.42,240.84,0
164,2023-04-07,5:28:24,0,0,6.4,8.4,84.63,169.27,0
165,2023-04-07,5:30:24,0,0,6.2,8.4,120.59,241.17,0
166,2023-04-07,5:32:24,0,0,5.8,8.3,100.05,200.11,0
167,2023-04-07,5:34:24,0,0,5.8,8.4,135.52,271.03,0
168,2023-04-07,5:36:24,0,0,6.2,8.2,166.08,332.17,0
169,2023-04-07,5:38:24,0,0,6.2,8.4,30.1,60.2,0
170,2023-04-07,5:40:24,0,0,6.2,8.1,51.6,103.2,0
171,2023-04-07,5:42:24,0,0,6.2,8.2,152.92,305.83,0
172,2023-04-07,5:44:24,0,0,6.2,8.4,128.51,257.03,0
173,2023-04-07,5:46:24,0,0,5.8,8.1,53.22,106.44,0
174,2023-04-07,5:48:24,0,0,5.8,8.1,168.84,337.68,0
175,2023-04-07,5:50:24,0,0,5.8,8.1,144.94,289.87,0
176,2023-04-07,5:52:24,0,0,5.8,8.1,113.79,227.58,0
177,2023-04-07,5:54:25,0,0,5.8,8.2,171.07,342.15,0
178,2023-04-07,5:56:24,0,0,5.8,8.1,10.7,21.41,0
179,2023-04-07,5:58:24,0,0,5.8,8.1,127.47,254.94,0
180,2023-04-07,6:00:25,0,0,5.7,8.1,90.14,180.28,0
181,2023-04-07,6:02:25,0,0,5.5,8.1,40.36,80.72,0
182,2023-04-07,6:04:25,0,0,5.3,7.9,8.01,16.02,0
183,2023-04-07,6:06:25,1,1,5.3,7.9,60.42,120.85,0
184,2023-04-07,6:08:25,1,1,5.3,7.9,87.23,174.45,0
185,2023-04-07,6:10:25,2,2,5.3,7.9,115.52,231.05,0
186,2023-04-07,6:12:25,3,3,5.1,7.9,21.73,43.47,0
187,2023-04-07,6:14:25,4,4,5.1,7.7,149.85,299.7,0
188,2023-04-07,6:16:25,5,5,5.1,7.7,0.23,0.47,0
189,2023-04-07,6:18:25,5,5,5.1,7.7,111.4,222.8,0
190,2023-04-07,6:20:25,6,6,4.9,7.7,158.27,316.54,0
191,2023-04-07,6:22:25,8,8,4.7,7.7,75.17,150.34,0
192,2023-04-07,6:24:25,11,11,4.7,7.7,173.36,346.73,0
193,2023-04-07,6:26:25,14,15,4.7,7.3,139.33,278.67,0
194,2023-04-07,6:28:25,18,19,4.9,7.3,145.59,291.19,0
195,2023-04-07,6:30:25,20,21,5.1,7.7,96.32,192.64,0
196,2023-04-07,6:32:25,23,24,5.1,7.3,73.65,147.3,0
197,2023-04-07,6:34:25,26,27,5.1,7.5,0.68,1.36,0
198,2023-04-07,6:36:25,29,33,5.1,7.3,65.95,131.89,0
199,2023-04-07,6:38:25,33,38,4.9,7.3,69.23,138.46,0
200,2023-04-07,6:40:25,37,41,5.1,7.3,24.79,49.59,0
201,2023-04-07,6:42:25,41,46,5.3,7.6,113.85,227.69,0
202,2023-04-07,6:44:25,46,51,5.5,7.7,99.48,198.95,4.820376493
203,2023-04-07,6:46:25,50,57,5.5,7.9,113.57,227.15,12.21245751
204,2023-04-07,6:48:25,54,61,5.7,7.9,133.42,266.83,18.73078069
205,2023-04-07,6:50:25,57,66,5.8,7.9,36.16,72.33,23.83796254
206,2023-04-07,6:52:25,62,72,5.8,8.1,85.23,170.46,33.07806381
207,2023-04-07,6:54:25,64,74,5.8,8.1,70.54,141.08,36.77410432
208,2023-04-07,6:56:25,71,82,6.2,8.1,119.11,238.22,47.96273042
209,2023-04-07,6:58:25,75,87,6.6,8.2,168.96,337.92,53.60729576
210,2023-04-07,7:00:25,80,94,6.9,8.2,179.37,358.74,61.53676027
211,2023-04-07,7:02:25,85,101,6.9,8.3,19.6,39.19,70.77686154
212,2023-04-07,7:04:25,89,106,6.9,8.2,66.06,132.12,78.16894256
213,2023-04-07,7:06:25,95,113,6.9,8.4,27.66,55.32,89.2570641
214,2023-04-07,7:08:25,100,118,7.3,8.4,61.52,123.04,96.74964969
215,2023-04-07,7:10:25,104,123,7.3,8.4,70.19,140.37,104.1417307
216,2023-04-07,7:12:25,111,131,7.7,8.6,89.4,178.81,115.3303568
217,2023-04-07,7:14:25,115,136,8,8.6,53.53,107.05,121.4118011
218,2023-04-07,7:16:25,123,145,8.1,8.8,176.02,352.03,135.7590842
219,2023-04-07,7:18:25,127,150,8.2,8.8,137.29,274.59,142.7142863
220,2023-04-07,7:20:25,130,154,8.4,8.8,52.74,105.48,147.3845892
221,2023-04-07,7:22:25,137,162,8.6,8.8,105.54,211.09,159.4469731
222,2023-04-07,7:24:25,140,166,8.8,8.8,110.15,220.29,164.1172761
223,2023-04-07,7:26:25,146,172,8.8,8.8,156.77,313.53,175.2053976
224,2023-04-07,7:28:25,156,185,9.3,9.2,86.93,173.85,191.5012055
225,2023-04-07,7:30:25,156,183,9.5,9.3,157.38,314.75,190.6274477
226,2023-04-07,7:32:25,165,195,9.5,9.2,155.44,310.88,207.25963
227,2023-04-07,7:34:25,169,199,9.9,9.4,110.21,220.41,212.9041953
228,2023-04-07,7:36:25,175,206,9.9,9.3,145.17,290.34,223.9923169
229,2023-04-07,7:38:25,180,211,10.3,9.5,98.43,196.85,231.4849025
230,2023-04-07,7:40:25,185,217,10.3,9.5,158.86,317.72,240.7250037
231,2023-04-07,7:42:25,194,227,10.6,9.5,106.39,212.78,256.0465493
232,2023-04-07,7:44:25,198,230,10.8,9.5,62.66,125.32,262.5648724
233,2023-04-07,7:46:25,205,237,11.2,9.9,136.58,273.17,273.7534985
234,2023-04-07,7:48:25,216,250,11.4,9.9,124.59,249.18,293.2079635
235,2023-04-07,7:50:25,220,254,11.6,9.9,44.43,88.86,299.7262867
236,2023-04-07,7:52:25,226,259,11.7,9.9,177.36,354.71,310.3775293
237,2023-04-07,7:54:25,230,263,12.3,10.2,105.54,211.07,315.1483368
238,2023-04-07,7:56:25,238,271,12.3,10.3,110,220.01,329.9324988
239,2023-04-07,7:58:25,247,280,12.4,10.3,149.93,299.87,346.1278022
240,2023-04-07,8:00:25,249,282,12.3,10.3,99.55,199.09,350.2607216
241,2023-04-07,8:02:25,255,286,12.5,10.3,89.02,178.03,360.4750853
242,2023-04-07,8:04:25,262,293,12.5,10.6,4.34,8.69,373.4112271
243,2023-04-07,8:06:25,274,306,12.5,10.3,108.6,217.2,395.5874702
244,2023-04-07,8:08:25,276,307,12.8,10.3,147.09,294.17,397.9728739
245,2023-04-07,8:10:25,283,313,13.2,10.6,4.52,9.05,409.1615
246,2023-04-07,8:12:25,288,316,13.2,10.8,60.3,120.6,418.4016013
247,2023-04-07,8:14:25,291,318,13.6,10.8,119.29,238.57,422.1981464
248,2023-04-07,8:16:25,301,328,13.6,11,38,76.01,440.6783489
249,2023-04-07,8:18:25,305,331,13.9,10.8,109.12,218.25,446.7597932
250,2023-04-07,8:20:25,315,340,13.6,10.6,8.17,16.33,466.5506325
251,2023-04-07,8:22:25,325,349,13.9,10.9,35.94,71.87,483.7201983
252,2023-04-07,8:24:25,327,350,14.5,11,1.91,3.83,484.7949653
253,2023-04-07,8:26:25,335,357,14.7,11,74.83,149.67,498.7053695
254,2023-04-07,8:28:25,342,363,14.7,11.4,76.86,153.71,511.6415112
255,2023-04-07,8:30:25,347,367,14.7,11.4,73.66,147.33,520.8816125
256,2023-04-07,8:32:25,359,377,14.7,11.4,129.9,259.81,543.0578556
257,2023-04-07,8:34:25,366,384,14.7,11.4,165.68,331.36,555.9939974
258,2023-04-07,8:36:25,368,385,14.7,11.4,12.95,25.89,559.6900379
259,2023-04-07,8:38:25,378,394,14.7,11.6,117.53,235.06,578.1702404
260,2023-04-07,8:40:25,382,397,15.2,11.5,112.89,225.78,583.3779269
261,2023-04-07,8:42:25,388,401,15.4,11.5,41.73,83.45,593.5922905
262,2023-04-07,8:44:25,397,409,15.2,11.7,5.74,11.49,611.0982307
263,2023-04-07,8:46:25,400,411,15.6,11.7,33.09,66.19,614.8947758
264,2023-04-07,8:48:25,400,409,15.4,11.7,57.13,114.27,615.7685336
265,2023-04-07,8:50:25,417,425,15.8,11.7,22.71,45.41,645.4373623
266,2023-04-07,8:52:25,424,431,16.1,12.1,2.56,5.12,657.0628673
267,2023-04-07,8:54:25,435,440,16.1,12.1,31,61.99,677.3910901
268,2023-04-07,8:56:25,439,443,16.1,11.7,13.52,27.03,684.7831711
269,2023-04-07,8:58:25,439,440,16.5,12.1,81.43,162.87,683.0356554
270,2023-04-07,9:00:25,448,450,16.9,12.1,27.92,55.85,697.920322
271,2023-04-07,9:02:25,457,457,16.9,12.3,85.34,170.67,714.5525043
272,2023-04-07,9:04:25,469,467,16.9,12.3,22.91,45.81,736.7287474
273,2023-04-07,9:06:25,469,465,17.2,12.3,70.3,140.61,735.4181106
274,2023-04-07,9:08:25,472,467,17.2,12.3,69.13,138.26,740.9621714
275,2023-04-07,9:10:25,479,473,17.1,12.3,60.3,120.6,754.3351921
276,2023-04-07,9:12:25,484,475,17.2,12.5,114.12,228.25,763.1384145
277,2023-04-07,9:14:25,490,480,17.6,12.5,128.79,257.58,772.4790203
278,2023-04-07,9:16:25,498,488,18,12.6,89.38,178.76,785.5156667
279,2023-04-07,9:18:25,501,489,18,12.5,113.47,226.94,791.0597274
280,2023-04-07,9:20:25,511,497,18.7,12.5,162.04,324.08,806.4817775
281,2023-04-07,9:22:25,521,506,18.4,12.6,151.62,303.23,826.2726168
282,2023-04-07,9:24:25,528,511,18.7,13,112.65,225.3,837.8981219
283,2023-04-07,9:26:25,529,511,18.7,13,43.14,86.27,839.7461421
284,2023-04-07,9:28:25,539,519,18.9,13,158.13,316.27,857.3525868
285,2023-04-07,9:30:25,545,523,19.8,13.1,105.17,210.35,864.5087981
286,2023-04-07,9:32:25,555,533,20.2,13.2,109.32,218.65,881.2414849
287,2023-04-07,9:34:25,561,537,20.2,13.2,162.73,325.46,892.3296065
288,2023-04-07,9:36:25,564,538,19.8,13.2,37.79,75.58,899.6211829
289,2023-04-07,9:38:25,576,548,20.2,13.2,20.12,40.24,920.0499103
290,2023-04-07,9:40:25,581,551,20.6,13.6,43.95,87.9,927.5424959
291,2023-04-07,9:42:25,583,553,20.6,13.6,75.2,150.41,931.2385364
292,2023-04-07,9:44:25,589,557,20.4,13.2,41.59,83.17,943.2004158
293,2023-04-07,9:46:25,596,563,20.6,13.2,23.58,47.15,955.2627997
294,2023-04-07,9:48:25,599,563,21.3,13.8,45.3,90.59,957.748708
295,2023-04-07,9:50:25,602,566,22,13.9,98.38,196.76,960.2346163
296,2023-04-07,9:52:25,605,568,22,13.9,95,190,965.7786771
297,2023-04-07,9:54:25,612,574,22.6,14.3,92.72,185.44,976.0935454
298,2023-04-07,9:56:25,612,572,22.4,14.3,33.27,66.54,976.9673032
299,2023-04-07,9:58:25,623,580,22,13.9,105.55,211.09,999.0430417
300,2023-04-07,10:00:25,630,586,22.4,14.3,68.07,136.14,1010.231668
301,2023-04-07,10:02:25,635,589,22,14.1,94.63,189.25,1021.219285
302,2023-04-07,10:04:25,638,591,21.7,14.2,145.72,291.44,1028.073982
303,2023-04-07,10:06:25,651,601,22,14.1,68.19,136.37,1050.787609
304,2023-04-07,10:08:25,641,592,23.1,14.5,10.11,20.21,1027.501738
305,2023-04-07,10:10:25,653,601,23.1,14.7,86.19,172.37,1049.677981
306,2023-04-07,10:12:25,653,599,22.8,14.5,160.88,321.75,1050.988618
307,2023-04-07,10:14:25,665,610,23.1,14.7,138.27,276.54,1071.854224
308,2023-04-07,10:16:25,666,611,22.8,14.7,168.45,336.9,1075.012881
309,2023-04-07,10:18:25,661,606,23.9,14.7,171.65,343.3,1060.967112
310,2023-04-07,10:20:25,681,621,24.8,15.2,43.58,87.17,1093.995607
311,2023-04-07,10:22:25,687,626,25.7,15.4,123.5,247,1101.151818
312,2023-04-07,10:24:25,690,628,26.4,15.8,8.05,16.1,1103.637726
313,2023-04-07,10:26:25,695,633,26.4,16.1,2.57,5.15,1112.877828
314,2023-04-07,10:28:25,704,639,26.4,15.8,108.73,217.46,1129.51001
315,2023-04-07,10:30:25,710,644,25.7,15.8,114.13,228.26,1143.656284
316,2023-04-07,10:32:25,720,651,25,15.8,19.66,39.31,1165.194639
317,2023-04-07,10:34:25,717,646,24.2,15.4,120.52,241.04,1163.145609
318,2023-04-07,10:36:25,710,640,24.2,15.2,19.16,38.31,1150.209468
319,2023-04-07,10:38:25,722,649,24.8,15.8,64.09,128.17,1169.764437
320,2023-04-07,10:40:25,728,653,24.8,15.6,46.73,93.46,1180.852559
321,2023-04-07,10:42:25,732,655,25.3,16,140.28,280.56,1186.060245
322,2023-04-07,10:44:25,730,654,25.7,15.8,45.23,90.45,1180.616689
323,2023-04-07,10:46:25,741,661,25.3,16.1,15.11,30.22,1202.692427
324,2023-04-07,10:48:25,742,661,25.7,16.1,38.36,76.71,1202.792932
325,2023-04-07,10:50:25,754,671,26.1,16.1,129.82,259.64,1223.221659
326,2023-04-07,10:52:25,754,670,26.4,16.1,26.61,53.22,1221.911023
327,2023-04-07,10:54:25,752,668,27.2,16.1,156.71,313.43,1214.719951
328,2023-04-07,10:56:25,754,670,27.6,16.1,88.32,176.64,1216.668476
329,2023-04-07,10:58:25,762,676,27.2,16.5,97.34,194.68,1233.200153
330,2023-04-07,11:00:25,767,678,27.2,16.5,106.32,212.65,1242.440255
331,2023-04-07,11:02:25,770,681,27.2,16.5,93.94,187.88,1247.984315
332,2023-04-07,11:04:25,772,680,27.6,16.5,126.54,253.08,1249.93284
333,2023-04-07,11:06:26,786,693,26.4,16.1,146.36,292.73,1281.047671
334,2023-04-07,11:08:26,782,687,26.4,16.5,132.06,264.12,1273.65559
335,2023-04-07,11:10:26,790,693,26.3,16.5,66.42,132.83,1288.876631
336,2023-04-07,11:12:26,790,693,27.2,16.7,27.81,55.63,1284.94472
337,2023-04-07,11:14:26,802,703,27.7,16.9,138.73,277.45,1304.936569
338,2023-04-07,11:16:26,795,695,27.9,16.9,144.07,288.14,1291.126669
339,2023-04-07,11:18:26,799,698,26.4,16.5,91.49,182.99,1305.071934
340,2023-04-07,11:20:26,802,700,27.2,16.9,26.26,52.53,1307.120963
341,2023-04-07,11:22:26,796,692,27,17.2,172.71,345.42,1296.9066
342,2023-04-07,11:24:26,807,702,26.4,16.9,99.97,199.93,1319.856096
343,2023-04-07,11:26:26,810,703,26.4,16.9,144.13,288.25,1325.400157
344,2023-04-07,11:28:26,811,704,25.7,16.9,95.17,190.33,1330.30633
345,2023-04-07,11:30:26,817,707,25.7,16.9,122,244,1341.394451
346,2023-04-07,11:32:26,825,714,26.4,17.2,48.57,97.14,1353.120461
347,2023-04-07,11:34:26,825,712,26.1,16.9,162.25,324.49,1354.431097
348,2023-04-07,11:36:26,830,715,26.3,16.9,116.03,232.05,1362.797441
349,2023-04-07,11:38:26,830,715,26.4,16.9,45.5,90.99,1362.360562
350,2023-04-07,11:40:26,825,710,27.2,16.9,98.51,197.03,1349.625429
351,2023-04-07,11:42:26,839,720,27.2,17.2,74.02,148.05,1375.497713
352,2023-04-07,11:44:26,849,730,27.2,16.9,171.95,343.9,1393.977915
353,2023-04-07,11:46:26,839,720,27.9,17.2,23.03,46.06,1372.43956
354,2023-04-07,11:48:26,855,733,28.6,17.6,82.52,165.05,1398.949732
355,2023-04-07,11:50:26,851,729,28.7,17.6,64.93,129.86,1391.120772
356,2023-04-07,11:52:26,855,731,27.9,17.6,66.26,132.52,1402.007885
357,2023-04-07,11:54:26,856,731,27.9,17.6,18.35,36.71,1403.855905
358,2023-04-07,11:56:26,862,735,27.6,17.4,17.46,34.92,1416.254663
359,2023-04-07,11:58:26,852,726,25.7,17.2,159.04,318.08,1406.07516
360,2023-04-07,12:00:26,859,730,26.4,17.4,34.6,69.2,1415.953149
361,2023-04-07,12:02:26,867,736,27.2,17.6,153.76,307.52,1427.24228
362,2023-04-07,12:04:26,863,733,27.9,17.6,31.73,63.46,1416.792047
363,2023-04-07,12:06:26,879,747,28.7,17.6,69.73,139.46,1442.865339
364,2023-04-07,12:08:26,883,749,28.7,17.6,158.4,316.8,1450.25742
365,2023-04-07,12:10:26,888,754,29.4,18.2,56.83,113.66,1456.439369
366,2023-04-07,12:12:26,896,761,29,18,68.04,136.07,1472.971047
367,2023-04-07,12:14:26,876,742,27.9,17.6,6.1,12.2,1440.81631
368,2023-04-07,12:16:26,863,729,28.3,18,54.38,108.76,1415.044531
369,2023-04-07,12:18:26,863,732,28.6,18.5,96.61,193.22,1413.733894
370,2023-04-07,12:20:26,922,784,28.7,18.3,111.7,223.4,1522.33021
371,2023-04-07,12:22:26,857,726,29.2,18.4,121.83,243.67,1400.024499
372,2023-04-07,12:24:26,872,738,29.8,18.9,147.78,295.56,1425.123529
373,2023-04-07,12:26:26,567,477,29,18.4,44.36,88.71,864.9723829
374,2023-04-07,12:28:26,900,759,29.4,18.4,169.37,338.75,1478.615612
375,2023-04-07,12:30:26,915,775,28.7,18.7,108.61,217.21,1509.394068
376,2023-04-07,12:32:26,967,820,30.5,19.5,52.67,105.34,1597.627301
377,2023-04-07,12:34:26,387,327,29.4,19.6,8.22,16.44,530.5812212
378,2023-04-07,12:36:26,963,815,29.4,19.5,170.83,341.67,1595.040888
379,2023-04-07,12:38:26,454,386,29,19.1,15.98,31.97,656.146094
380,2023-04-07,12:40:26,399,342,29,19.1,25.23,50.46,554.50498
381,2023-04-07,12:42:26,967,822,28.3,19.1,10.98,21.97,1607.238637
382,2023-04-07,12:44:26,365,318,26.1,18.4,41.43,82.87,504.34178
383,2023-04-07,12:46:26,495,428,26.1,18.4,160.61,321.23,744.5844132
384,2023-04-07,12:48:26,523,447,24.6,18.4,163.25,326.5,802.8821642
385,2023-04-07,12:50:26,947,802,24.1,18.4,108.63,217.26,1588.627147
386,2023-04-07,12:52:26,963,815,26.1,18.7,96.14,192.27,1609.457893
387,2023-04-07,12:54:26,575,485,26.4,18.7,45.85,91.69,891.1153969
388,2023-04-07,12:56:26,675,571,25.5,18.4,95.65,191.31,1079.849333
389,2023-04-07,12:58:26,570,485,25.7,18.7,145.88,291.75,884.933448
390,2023-04-07,13:00:26,935,796,25.7,18.9,41.55,83.11,1559.460841
391,2023-04-07,13:02:26,963,822,27.2,19.5,57.69,115.38,1604.652225
392,2023-04-07,13:04:26,989,847,29.4,19.8,130.65,261.3,1643.089415
393,2023-04-07,13:06:26,374,332,29,20.1,172.02,344.03,508.3044736
394,2023-04-07,13:08:26,419,360,27.2,19.1,173.56,347.12,599.3292057
395,2023-04-07,13:10:26,607,514,25,18.4,56.58,113.16,956.3683499
396,2023-04-07,13:12:26,330,297,23.3,18.4,11.92,23.85,451.8936809
397,2023-04-07,13:14:26,819,695,24.1,18.9,64.47,128.93,1352.080554
398,2023-04-07,13:16:26,399,351,24.8,19.1,80.57,161.13,572.8538947
399,2023-04-07,13:18:26,342,313,23.1,18.4,40.43,80.86,474.9436818
400,2023-04-07,13:20:26,371,337,22.4,18,43.66,87.31,531.5944217
401,2023-04-07,13:22:26,498,429,24.1,19.1,108.27,216.55,758.8660524
402,2023-04-07,13:24:26,905,764,27.2,20.6,0.93,1.87,1497.46705
403,2023-04-07,13:26:26,406,355,27.9,20.6,138.45,276.91,572.2467899
404,2023-04-07,13:28:26,345,308,26.4,19.8,155.19,310.37,466.0707381
405,2023-04-07,13:30:26,952,802,26.1,19.1,5.31,10.62,1589.12967
406,2023-04-07,13:32:26,385,332,24.4,19.1,23.11,46.22,548.7291268
407,2023-04-07,13:34:26,438,370,24.2,19.5,46.3,92.6,647.5479582
408,2023-04-07,13:36:26,396,335,23.5,19.1,72.24,144.48,572.9892599
409,2023-04-07,13:38:26,417,385,22.4,18.5,59.74,119.48,616.6033534
410,2023-04-07,13:40:26,304,255,22.8,19,107.91,215.81,406.0295489
411,2023-04-07,13:42:26,214,186,20.6,17.6,92.74,185.47,249.3190622
412,2023-04-07,13:44:26,281,236,20.2,17.6,64.62,129.24,374.883935
413,2023-04-07,13:46:26,240,207,19.1,17.4,17.08,34.15,303.9207726
414,2023-04-07,13:48:26,886,710,22,19.1,18.99,37.97,1485.072369
415,2023-04-07,13:50:26,747,540,24.2,20.6,57.65,115.29,1218.586217
416,2023-04-07,13:52:26,920,742,24.6,19.8,9.32,18.64,1536.546206
417,2023-04-07,13:54:26,676,584,26.4,21.3,117.49,234.98,1077.765443
418,2023-04-07,13:56:26,376,320,25.3,20.2,62,124.01,528.1650342
419,2023-04-07,13:58:26,374,385,23.5,18.9,120.14,240.28,532.3328143
420,2023-04-07,14:00:26,252,233,22,18,140.22,280.44,313.427527
421,2023-04-07,14:02:26,550,473,20.6,18,92.07,184.14,870.253868
422,2023-04-07,14:04:26,279,263,20.4,17.6,107.12,214.24,370.3141366
423,2023-04-07,14:06:26,896,736,21.7,18.7,172.18,344.35,1504.863208
424,2023-04-07,14:08:26,910,746,24.6,20.6,32.14,64.29,1518.066003
425,2023-04-07,14:10:26,913,756,26.4,21.6,53.99,107.98,1515.746243
426,2023-04-07,14:12:26,342,308,24.2,19.5,154.65,309.3,470.1380137
427,2023-04-07,14:14:26,266,251,23.3,18.7,155.76,311.53,333.6203846
428,2023-04-07,14:16:26,266,256,22.4,18.7,60.58,121.17,337.5522948
429,2023-04-07,14:18:26,291,277,21.7,18.4,34.73,69.47,386.8109537
430,2023-04-07,14:20:26,847,712,23.5,19.8,61.8,123.59,1406.446395
431,2023-04-07,14:22:26,378,343,23.5,19.8,95.08,190.17,539.7248953
432,2023-04-07,14:24:26,419,374,24.2,19.8,54.26,108.53,612.4355733
433,2023-04-07,14:26:26,360,330,23.5,19.6,94.86,189.71,506.4605307
434,2023-04-07,14:28:26,371,342,23.1,19.1,107.57,215.14,528.5362692
435,2023-04-07,14:30:26,486,439,22,18,37.91,75.81,745.8642667
436,2023-04-07,14:32:26,360,321,21.7,18.4,86.36,172.73,514.3243513
437,2023-04-07,14:34:26,283,255,20.6,18,74.26,148.52,376.8324598
438,2023-04-07,14:36:26,259,232,20.6,17.6,86.73,173.47,332.4799737
439,2023-04-07,14:38:26,250,223,20.1,17.6,48.73,97.46,318.032186
440,2023-04-07,14:40:26,258,234,19.5,17.2,50.44,100.87,335.4376215
441,2023-04-07,14:42:26,356,321,19.1,17.4,149.19,298.38,518.2911223
442,2023-04-07,14:44:26,518,450,20.6,18,1.31,2.63,811.1172198
443,2023-04-07,14:46:26,359,328,20.6,18,120.97,241.94,517.2819992
444,2023-04-07,14:48:26,344,319,20.6,17.6,103.4,206.81,489.5616954
445,2023-04-07,14:50:26,352,320,20.6,17.6,70.46,140.92,504.3458574
446,2023-04-07,14:52:26,327,296,20.6,18.4,139.85,279.69,458.145351
447,2023-04-07,14:54:26,359,319,20.6,17.6,97.08,194.16,517.2819992
448,2023-04-07,14:56:26,737,595,22,18.9,120.12,240.23,1209.717351
449,2023-04-07,14:58:26,428,377,22,18.7,81.62,163.23,638.6790919
450,2023-04-07,15:00:26,309,277,20.6,18.4,70.45,140.91,424.8809864
451,2023-04-07,15:02:26,274,243,20.6,18,46.41,92.82,360.2002775
452,2023-04-07,15:04:26,760,591,21.3,18.4,121.11,242.23,1255.279969
453,2023-04-07,15:06:26,374,321,21.7,18.4,41.49,82.99,540.1966349
454,2023-04-07,15:08:26,519,420,22.6,18.9,166.7,333.41,804.2276616
455,2023-04-07,15:10:26,276,245,22.4,18.4,15.92,31.84,356.0324974
456,2023-04-07,15:12:26,230,208,20.6,18.2,115.8,231.59,278.8873863
457,2023-04-07,15:14:26,183,175,20.6,17.6,124.27,248.54,192.0304343
458,2023-04-07,15:16:26,160,157,19.5,17.2,76.39,152.78,154.3316365
459,2023-04-07,15:18:26,131,131,19.1,17.2,123.77,247.54,102.4865648
460,2023-04-07,15:20:26,115,113,18.4,16.9,59.7,119.4,75.97639317
461,2023-04-07,15:22:26,117,112,18,16.9,5.57,11.13,81.41994937
462,2023-04-07,15:24:26,112,108,17.6,16.9,81.16,162.32,73.92736378
463,2023-04-07,15:26:26,133,128,17.2,16.7,1.3,2.6,114.4833048
464,2023-04-07,15:28:26,284,249,18.4,17.6,92.73,185.46,388.2918163
465,2023-04-07,15:30:26,699,535,19.8,18,17.95,35.9,1149.103917
466,2023-04-07,15:32:26,779,607,23.1,20.6,165.16,330.32,1282.528533
467,2023-04-07,15:34:26,734,566,25.7,22,144.49,288.99,1188.00877
468,2023-04-07,15:36:26,645,506,25,21.7,83.27,166.54,1026.59312
469,2023-04-07,15:38:26,233,207,23.1,19.5,96.13,192.25,273.509474
470,2023-04-07,15:40:26,229,202,20.6,18,100.24,200.48,277.039366
471,2023-04-07,15:42:26,216,184,20.6,18.7,15.02,30.04,253.0151027
472,2023-04-07,15:44:26,195,171,19.5,17.6,96.34,192.67,219.0123455
473,2023-04-07,15:46:26,631,500,19.5,17.6,22.78,45.56,1024.749177
474,2023-04-07,15:48:26,373,322,20.2,18,168.93,337.85,544.9017985
475,2023-04-07,15:50:26,268,236,20.4,18.4,168.48,336.95,349.9859138
476,2023-04-07,15:52:26,289,244,20.2,18.2,96.65,193.3,389.668097
477,2023-04-07,15:54:26,200,180,19.5,17.2,91.28,182.56,228.2524467
478,2023-04-07,15:56:26,167,151,18.7,16.9,56.66,113.31,170.7628097
479,2023-04-07,15:58:26,183,162,18,16.9,50.93,101.85,203.3892862
480,2023-04-07,16:00:26,232,205,18,16.9,32.11,64.22,293.9422787
481,2023-04-07,16:02:26,323,265,19.1,17.6,125.69,251.38,457.3064538
482,2023-04-07,16:04:26,239,205,18.7,17.2,43.81,87.62,303.8202681
483,2023-04-07,16:06:26,267,223,18.7,17.2,110.92,221.85,355.5648352
484,2023-04-07,16:08:26,168,151,18.4,16.9,59.89,119.79,173.9214667
485,2023-04-07,16:10:26,178,155,18,17.1,61,121.99,194.1491849
486,2023-04-07,16:12:26,172,151,18,16.9,38.48,76.96,183.0610634
487,2023-04-07,16:14:26,141,131,17.6,16.1,105.43,210.86,127.5199512
488,2023-04-07,16:16:26,158,143,17.4,16.5,95.5,190.99,159.8100534
489,2023-04-07,16:18:26,153,140,16.9,16.1,143.14,286.28,152.7543467
490,2023-04-07,16:20:26,163,144,16.9,16.1,171.13,342.25,171.2345493
491,2023-04-07,16:22:26,149,130,16.5,16.1,45.04,90.08,147.1097814
492,2023-04-07,16:24:26,175,153,16.5,16.1,108.12,216.24,195.158308
493,2023-04-07,16:26:26,266,221,17.6,17.2,27.6,55.2,358.5224831
494,2023-04-07,16:28:26,211,182,17.6,17.2,62.01,124.01,256.8813691
495,2023-04-07,16:30:26,160,136,17.6,16.5,96.15,192.29,162.632336
496,2023-04-07,16:32:26,347,266,17.2,16.7,5.74,11.48,509.9596395
497,2023-04-07,16:34:26,337,257,18.4,17.6,124.61,249.23,486.2368899
498,2023-04-07,16:36:26,181,160,18.4,17.6,8.43,16.85,197.94573
499,2023-04-07,16:38:26,178,161,18,16.7,72.26,144.53,194.1491849
500,2023-04-07,16:40:26,158,145,17.6,16.1,176.97,353.93,158.9362955
501,2023-04-07,16:42:26,172,158,17.6,16.5,73.54,147.07,184.8085791
502,2023-04-07,16:44:26,216,183,18,17.2,95.27,190.53,264.3739547
503,2023-04-07,16:46:26,157,136,17.6,17.2,124.59,249.17,157.0882753
504,2023-04-07,16:48:26,178,160,17.4,16.5,90.55,181.09,196.7704585
505,2023-04-07,16:50:26,236,195,17.2,16.5,117.52,235.05,304.8293911
506,2023-04-07,16:52:26,122,106,16.5,16.1,59.67,119.34,97.21323448
507,2023-04-07,16:54:27,114,102,16.1,15.8,152.85,305.71,84.17658812
508,2023-04-07,16:56:27,207,160,16,15.8,76.01,152.01,256.4793508
509,2023-04-07,16:58:27,143,122,16.1,16,108.73,217.46,137.7691755
510,2023-04-07,17:00:27,134,115,15.8,15.4,82.75,165.5,122.44763
511,2023-04-07,17:02:27,89,78,14.7,15,82.24,164.48,44.09238665
512,2023-04-07,17:04:27,83,73,14.7,14.7,37.96,75.92,33.00426512
513,2023-04-07,17:06:27,112,95,14.3,15,29.91,59.81,88.34436821
514,2023-04-07,17:08:27,135,101,14.1,14.7,79.73,159.47,131.7225919
515,2023-04-07,17:10:27,123,105,14.3,14.7,99.95,199.9,108.672591
516,2023-04-07,17:12:27,129,107,14.5,15.4,59.9,119.8,118.8869547
517,2023-04-07,17:14:27,88,78,13.9,14.7,64.02,128.04,45.73939777
518,2023-04-07,17:16:27,72,65,13.6,14.5,139.68,279.36,17.48171045
519,2023-04-07,17:18:27,78,68,13.6,14.5,44.5,89,28.56983198
520,2023-04-07,17:20:28,64,58,13.2,14.3,54.38,108.76,4.445064095
521,2023-04-07,17:22:28,63,57,13,14.3,55.34,110.68,3.470801683
522,2023-04-07,17:24:28,62,56,13,14.2,178.96,357.92,1.622781428
523,2023-04-07,17:26:28,63,58,12.8,14.3,48.35,96.7,4.344559527
524,2023-04-07,17:28:28,76,68,12.8,14.5,72.11,144.22,28.36882285
525,2023-04-07,17:30:28,78,70,12.8,14.3,134.29,268.58,32.06486336
526,2023-04-07,17:32:28,78,69,12.8,14.3,30.56,61.12,32.06486336
527,2023-04-07,17:34:28,73,65,12.8,14.3,25.07,50.15,22.82476208
528,2023-04-07,17:36:28,67,61,12.8,14.3,17.39,34.77,11.73664055
529,2023-04-07,17:38:28,66,60,12.6,14.3,11.78,23.55,10.76237814
530,2023-04-07,17:40:28,64,59,12.5,13.9,74.32,148.63,7.503216549
531,2023-04-07,17:42:28,58,53,12.5,13.9,147.61,295.22,0
532,2023-04-07,17:44:28,48,45,12.5,13.9,145.37,290.73,0
533,2023-04-07,17:46:28,42,41,12.3,13.8,174.43,348.86,0
534,2023-04-07,17:48:28,40,39,12.3,13.8,50.06,100.12,0
535,2023-04-07,17:50:28,40,39,12.1,13.6,41.32,82.64,0
536,2023-04-07,17:52:28,38,38,12.1,13.9,109.62,219.23,0
537,2023-04-07,17:54:28,41,39,12.1,13.6,170.41,340.81,0
538,2023-04-07,17:56:28,49,45,12.1,13.8,155.7,311.41,0
539,2023-04-07,17:58:28,48,44,11.7,13.9,50.67,101.35,0
540,2023-04-07,18:00:28,46,41,11.7,13.8,77.13,154.26,0
541,2023-04-07,18:02:28,39,35,11.7,13.6,45.13,90.27,0
542,2023-04-07,18:04:28,36,33,11.7,13.6,137.32,274.65,0
543,2023-04-07,18:06:28,35,32,11.7,13.8,174.89,349.78,0
544,2023-04-07,18:08:28,30,28,11.7,13.6,121.47,242.93,0
545,2023-04-07,18:10:28,26,25,11.7,13.6,67.83,135.66,0
546,2023-04-07,18:12:28,23,22,11.5,13.6,127.69,255.39,0
547,2023-04-07,18:14:28,21,20,11.7,13.6,85.62,171.23,0
548,2023-04-07,18:16:28,22,21,11.7,13.2,70.29,140.57,0
549,2023-04-07,18:18:28,21,20,11.7,13.2,87.79,175.59,0
550,2023-04-07,18:20:28,23,21,11.7,13.6,89.32,178.64,0
551,2023-04-07,18:22:28,19,18,11.6,13.2,36.21,72.42,0
552,2023-04-07,18:24:28,15,15,11.4,13.6,62.14,124.29,0
553,2023-04-07,18:26:28,14,14,11.5,13.2,124.9,249.8,0
554,2023-04-07,18:28:28,11,11,11.7,13.2,9.19,18.39,0
555,2023-04-07,18:30:28,11,11,11.7,13.2,43.09,86.19,0
556,2023-04-07,18:32:28,12,11,11.5,13.2,58.07,116.14,0
557,2023-04-07,18:34:28,10,9,11.5,13.2,145.48,290.95,0
558,2023-04-07,18:36:28,10,9,11,13.2,9.46,18.91,0
559,2023-04-07,18:38:28,8,8,11.4,13.2,159.24,318.49,0
560,2023-04-07,18:40:28,6,5,11.4,13.2,38.8,77.6,0
561,2023-04-07,18:42:28,5,4,11.5,13.2,96.35,192.7,0
562,2023-04-07,18:44:28,3,3,11.6,13.2,64.92,129.85,0
563,2023-04-07,18:46:28,3,3,11.5,13.2,82.49,164.99,0
564,2023-04-07,18:48:28,3,3,11.5,13,145.4,290.8,0
565,2023-04-07,18:50:28,2,2,11.5,13.1,129.76,259.53,0
566,2023-04-07,18:52:28,2,2,11.4,13,71.47,142.95,0
567,2023-04-07,18:54:28,1,1,11.4,13,118.92,237.84,0
568,2023-04-07,18:56:28,1,1,11,12.8,41.46,82.91,0
569,2023-04-07,18:58:28,1,1,10.8,12.8,49.33,98.66,0
570,2023-04-07,19:00:28,0,0,10.3,12.8,101.16,202.32,0
571,2023-04-07,19:02:28,0,0,10.6,12.8,113.24,226.48,0
572,2023-04-07,19:04:28,0,0,10.8,12.8,128.38,256.75,0
573,2023-04-07,19:06:28,0,0,11,12.8,69.94,139.87,0
574,2023-04-07,19:08:28,0,0,11,12.6,21.27,42.54,0
575,2023-04-07,19:10:28,0,0,11,12.6,73.18,146.36,0
576,2023-04-07,19:12:28,0,0,11,12.5,158.85,317.7,0
577,2023-04-07,19:14:28,0,0,11.4,12.8,29.09,58.18,0
578,2023-04-07,19:16:28,0,0,11.2,12.6,65.14,130.29,0
579,2023-04-07,19:18:28,0,0,11.3,12.7,173.69,347.38,0
580,2023-04-07,19:20:28,0,0,11.4,12.6,30.65,61.3,0
581,2023-04-07,19:22:28,0,0,11.2,12.6,113.61,227.22,0
582,2023-04-07,19:24:28,0,0,11,12.5,69.4,138.81,0
583,2023-04-07,19:26:28,0,0,11.3,12.5,66.64,133.28,0
584,2023-04-07,19:28:28,0,0,11,12.5,7.74,15.49,0
585,2023-04-07,19:30:28,0,0,11.2,12.5,144.66,289.32,0
586,2023-04-07,19:32:28,0,0,10.8,12.5,138.71,277.42,0
587,2023-04-07,19:34:28,0,0,10.6,12.3,119.38,238.75,0
588,2023-04-07,19:36:28,0,0,10.6,12.4,93.87,187.74,0
589,2023-04-07,19:38:28,0,0,10.3,12.3,26.78,53.56,0
590,2023-04-07,19:40:28,0,0,10.3,12.3,84.85,169.71,0
591,2023-04-07,19:42:28,0,0,10.3,12.3,64.5,129,0
592,2023-04-07,19:44:28,0,0,10.3,12.1,31.8,63.6,0
593,2023-04-07,19:46:28,0,0,10.6,12.3,14.39,28.77,0
594,2023-04-07,19:48:28,0,0,10.6,12.1,19.26,38.52,0
595,2023-04-07,19:50:28,0,0,10.6,12.1,54.65,109.3,0
596,2023-04-07,19:52:28,0,0,10.3,12.1,173.84,347.68,0
597,2023-04-07,19:54:28,0,0,10.3,11.7,135.46,270.92,0
598,2023-04-07,19:56:28,0,0,10.1,11.7,7.63,15.26,0
599,2023-04-07,19:58:28,0,0,10.1,11.7,138.71,277.43,0
600,2023-04-07,20:00:28,0,0,10.1,11.7,40.91,81.82,0
601,2023-04-07,20:02:28,0,0,9.9,11.7,5.72,11.44,0
602,2023-04-07,20:04:28,0,0,9.8,11.7,13.1,26.2,0
603,2023-04-07,20:06:28,0,0,9.5,11.6,41.8,83.6,0
604,2023-04-07,20:08:28,0,0,9.5,11.7,55.68,111.36,0
605,2023-04-07,20:10:28,0,0,9.5,11.5,116.7,233.39,0
606,2023-04-07,20:12:28,0,0,9.5,11.5,67.88,135.77,0
607,2023-04-07,20:14:28,0,0,9.3,11.4,39.08,78.15,0
608,2023-04-07,20:16:28,0,0,9.3,11.4,22.72,45.45,0
609,2023-04-07,20:18:28,0,0,9.3,11.4,131.44,262.89,0
610,2023-04-07,20:20:28,0,0,9.3,11.2,149.59,299.19,0
611,2023-04-07,20:22:28,0,0,8.8,11.3,169.19,338.38,0
612,2023-04-07,20:24:28,0,0,8.8,11,27.63,55.25,0
613,2023-04-07,20:26:28,0,0,8.8,11,87.71,175.42,0
614,2023-04-07,20:28:28,0,0,8.7,11,150.33,300.65,0
615,2023-04-07,20:30:28,0,0,8.6,11,153.51,307.03,0
616,2023-04-07,20:32:28,0,0,8.6,11,155.73,311.46,0
617,2023-04-07,20:34:28,0,0,8.6,11,16.54,33.08,0
618,2023-04-07,20:36:28,0,0,8.4,10.9,170.63,341.27,0
619,2023-04-07,20:38:28,0,0,8.4,10.8,166.8,333.6,0
620,2023-04-07,20:40:28,0,0,8.4,10.6,32.06,64.12,0
621,2023-04-07,20:42:28,0,0,8.4,10.8,137.01,274.01,0
622,2023-04-07,20:44:28,0,0,8.4,10.6,18.99,37.97,0
623,2023-04-07,20:46:29,0,0,8.2,10.6,34.53,69.05,0
624,2023-04-07,20:48:28,0,0,8.2,10.6,110.93,221.86,0
625,2023-04-07,20:50:29,0,0,8.1,10.6,162.17,324.34,0
626,2023-04-07,20:52:29,0,0,8.1,10.5,79.51,159.02,0
627,2023-04-07,20:54:29,0,0,8.1,10.3,177.67,355.34,0
628,2023-04-07,20:56:29,0,0,8.1,10.3,171.68,343.37,0
629,2023-04-07,20:58:29,0,0,8.1,10.3,9.63,19.26,0
630,2023-04-07,21:00:29,0,0,8.1,10.3,1.98,3.95,0
631,2023-04-07,21:02:29,0,0,7.9,10.3,12.86,25.72,0
632,2023-04-07,21:04:29,0,0,7.7,10.3,161.5,323,0
633,2023-04-07,21:06:29,0,0,7.7,10.1,85.94,171.88,0
634,2023-04-07,21:08:29,0,0,7.7,10.1,174.76,349.52,0
635,2023-04-07,21:10:29,0,0,7.7,10.1,25.86,51.73,0
636,2023-04-07,21:12:29,0,0,7.3,9.9,83.41,166.82,0
637,2023-04-07,21:14:29,0,0,7.3,10.1,150.8,301.59,0
638,2023-04-07,21:16:29,0,0,7.3,9.9,116.81,233.61,0
639,2023-04-07,21:18:29,0,0,7.2,9.7,30.08,60.16,0
640,2023-04-07,21:20:29,0,0,7.3,9.7,82.45,164.91,0
641,2023-04-07,21:22:29,0,0,7.1,9.7,41.58,83.16,0
642,2023-04-07,21:24:29,0,0,7.1,9.5,46.94,93.88,0
643,2023-04-07,21:26:29,0,0,6.9,9.5,76.33,152.66,0
644,2023-04-07,21:28:29,0,0,6.9,9.5,125.28,250.55,0
645,2023-04-07,21:30:29,0,0,7.1,9.5,77.26,154.52,0
646,2023-04-07,21:32:29,0,0,7.1,9.5,74.5,149,0
647,2023-04-07,21:34:29,0,0,6.9,9.3,102.66,205.32,0
648,2023-04-07,21:36:29,0,0,6.9,9.5,176.81,353.62,0
649,2023-04-07,21:38:29,0,0,6.8,9.3,106.81,213.62,0
650,2023-04-07,21:40:29,0,0,6.9,9.3,41.94,83.88,0
651,2023-04-07,21:42:29,0,0,6.8,9.2,71.74,143.48,0
652,2023-04-07,21:44:29,0,0,6.8,8.8,81.5,163.01,0
653,2023-04-07,21:46:29,0,0,6.9,9.2,76.41,152.83,0
654,2023-04-07,21:48:29,0,0,6.6,8.8,44.5,89,0
655,2023-04-07,21:50:29,0,0,6.6,8.8,12.85,25.69,0
656,2023-04-07,21:52:29,0,0,6.4,8.8,3.95,7.9,0
657,2023-04-07,21:54:29,0,0,6.2,8.8,131.44,262.88,0
658,2023-04-07,21:56:29,0,0,6.2,8.8,153.1,306.2,0
659,2023-04-07,21:58:29,0,0,5.8,8.8,14.32,28.63,0
660,2023-04-07,22:00:29,0,0,5.8,8.7,142.19,284.38,0
661,2023-04-07,22:02:29,0,0,5.8,8.8,64.54,129.07,0
662,2023-04-07,22:04:29,0,0,5.8,8.7,116.09,232.17,0
663,2023-04-07,22:06:29,0,0,5.8,8.6,150.15,300.3,0
664,2023-04-07,22:08:29,0,0,5.8,8.6,55.43,110.86,0
665,2023-04-07,22:10:29,0,0,5.8,8.4,125.49,250.99,0
666,2023-04-07,22:12:29,0,0,5.8,8.4,123.34,246.68,0
667,2023-04-07,22:14:29,0,0,5.8,8.4,124.74,249.48,0
668,2023-04-07,22:16:29,0,0,5.8,8.2,90.49,180.98,0
669,2023-04-07,22:18:29,0,0,5.7,8.2,165.62,331.24,0
670,2023-04-07,22:20:29,0,0,5.7,8.2,160.07,320.14,0
671,2023-04-07,22:22:29,0,0,5.5,8.1,91.13,182.26,0
672,2023-04-07,22:24:29,0,0,5.5,8.1,43.5,86.99,0
673,2023-04-07,22:26:29,0,0,5.5,8.1,91.76,183.53,0
674,2023-04-07,22:28:29,0,0,5.5,8,148.96,297.93,0
675,2023-04-07,22:30:29,0,0,5.5,8,112.94,225.89,0
676,2023-04-07,22:32:29,0,0,5.4,7.9,154.78,309.55,0
677,2023-04-07,22:34:29,0,0,5.3,7.7,165.18,330.37,0
678,2023-04-07,22:36:29,0,0,5.1,7.7,159.6,319.19,0
679,2023-04-07,22:38:29,0,0,5.1,7.7,157.44,314.88,0
680,2023-04-07,22:40:29,0,0,5.1,7.6,98.76,197.53,0
681,2023-04-07,22:42:29,0,0,5.1,7.6,39.23,78.46,0
682,2023-04-07,22:44:29,0,0,4.9,7.6,24.89,49.78,0
683,2023-04-07,22:46:29,0,0,4.9,7.3,79.59,159.18,0
684,2023-04-07,22:48:29,0,0,4.7,7.3,123.86,247.72,0
685,2023-04-07,22:50:29,0,0,4.7,7.3,9.71,19.41,0
686,2023-04-07,22:52:29,0,0,4.7,7.3,26.97,53.95,0
687,2023-04-07,22:54:29,0,0,4.4,7.3,50.7,101.41,0
688,2023-04-07,22:56:29,0,0,4.4,7.1,178.54,357.08,0
689,2023-04-07,22:58:29,0,0,4.2,7.1,63.27,126.54,0
690,2023-04-07,23:00:29,0,0,4.2,6.9,100.76,201.52,0
691,2023-04-07,23:02:29,0,0,4,6.9,60.69,121.37,0
692,2023-04-07,23:04:29,0,0,4,6.9,8.89,17.79,0
693,2023-04-07,23:06:29,0,0,4,6.9,99.81,199.62,0
694,2023-04-07,23:08:29,0,0,4,6.9,3.95,7.91,0
695,2023-04-07,23:10:29,0,0,4,6.8,87.26,174.51,0
696,2023-04-07,23:12:29,0,0,4,6.6,61.4,122.81,0
697,2023-04-07,23:14:29,0,0,3.6,6.6,14.79,29.57,0
698,2023-04-07,23:16:29,0,0,3.6,6.6,84.93,169.85,0
699,2023-04-07,23:18:29,0,0,3.8,6.6,11.05,22.09,0
700,2023-04-07,23:20:29,0,0,3.9,6.6,85.88,171.76,0
701,2023-04-07,23:22:29,0,0,3.9,6.6,112.59,225.19,0
702,2023-04-07,23:24:29,0,0,3.6,6.4,57.43,114.86,0
703,2023-04-07,23:26:29,0,0,3.5,6.5,110.72,221.44,0
704,2023-04-07,23:28:29,0,0,3.5,6.5,46.64,93.28,0
705,2023-04-07,23:30:29,0,0,3.3,6.4,101.49,202.98,0
706,2023-04-07,23:32:29,0,0,3.6,6.4,34.13,68.27,0
707,2023-04-07,23:34:29,0,0,3.6,6.2,81.27,162.55,0
708,2023-04-07,23:36:29,0,0,3.6,6.2,56.91,113.81,0
709,2023-04-07,23:38:29,0,0,3.6,5.8,138.6,277.2,0
710,2023-04-07,23:40:29,0,0,3.5,5.8,138.2,276.39,0
711,2023-04-07,23:42:29,0,0,3.6,5.8,131.44,262.89,0
712,2023-04-07,23:44:29,0,0,3.6,5.8,35.59,71.17,0
713,2023-04-07,23:46:29,0,0,3.5,5.8,74.68,149.36,0
714,2023-04-07,23:48:29,0,0,3.5,5.8,3.27,6.54,0
715,2023-04-07,23:50:29,0,0,3.5,5.8,164.84,329.67,0
716,2023-04-07,23:52:29,0,0,3.3,5.8,77.02,154.04,0
717,2023-04-07,23:54:29,0,0,3.3,5.8,131.24,262.48,0
718,2023-04-07,23:56:29,0,0,2.9,5.8,130.12,260.25,0
719,2023-04-07,23:58:29,0,0,2.9,5.8,133.92,267.83,0
